stateSpeciesID,state_scientific_name,stateCommonName,trackingComments,stateSpeciesComments,stateLegalStatusComments,kingdom,taxa_class,taxa_family,info_url,localURL1,localURL2,iMapAssessmentTableType,legallyRegulatedInState,photo_id_url,Growth Habitat,State iMap IRank,State Habitat
OR-2-00000,** None Detected **,** None Detected **,,,,Not Applicable,Not Applicable,Not Applpicable,,http://newyork.plantatlas.usf.edu/Results.aspx?q=**+None+Detected+**,,NA,FALSE,,,,
OR-2-137892,Abutilon theophrasti,Velvet-leaf,,,ODA List B,Plantae,Dicotyledoneae,Malvaceae,,http://cms.oregon.gov/ODA/PLANT/WEEDS/pages/profile_velvetleaf.aspx,,PT,TRUE,,a) Herbaceous,b) Terrestrial,
OR-2-143384,Acacia dealbata,Silver Wattle,,,,Plantae,Dicotyledoneae,Fabaceae,,http://plants.usda.gov/core/profile?symbol=acde3,,PT,FALSE,,c) Tree,,
OR-2-859735,Acaena novae-zelandiae,Biddy-Biddy,,,ODA List B,,,,,http://cms.oregon.gov/ODA/PLANT/WEEDS/pages/profile_biddybiddy.aspx,,PT,TRUE,http://cms.oregon.gov/ODA/PLANT/PublishingImages/lg/weed_biddy1_kf.jpg,a) Herbaceous,b) Terrestrial,
OR-2-859739,Acaena pallida,Pale Biddy-Biddy,,,,,,,,http://newyork.plantatlas.usf.edu/Results.aspx?q=Acaena+pallida,,PT,TRUE,,a) Herbaceous,b) Terrestrial,
OR-2-156728,Achnatherum brachychaetum,Punagrass,,,,Plantae,Monocotyledoneae,Poaceae,,http://newyork.plantatlas.usf.edu/Results.aspx?q=Achnatherum+brachychaetum,,PT,FALSE,,a) Herbaceous,,
OR-2-133746,Acroptilon repens,Russian Knapweed,,,,Plantae,Dicotyledoneae,Asteraceae,,http://cms.oregon.gov/oda/plant/weeds/Pages/profile_russianknapweed.aspx,,PT,FALSE,http://cms.oregon.gov/ODA/PLANT/PublishingImages/lg/weed_rusknapweed_ros_lr.jpg,,,
OR-2-144864,Adonis aestivalis,Summer Pheasant's Eye,,,,Plantae,Dicotyledoneae,Ranunculaceae,,http://newyork.plantatlas.usf.edu/Results.aspx?q=Adonis+aestivalis,,PT,FALSE,,a) Herbaceous,,
OR-2-137935,Aegilops cylindrica,Jointed Goatgrass,,,ODA List B,Plantae,Monocotyledoneae,Poaceae,,http://cms.oregon.gov/ODA/PLANT/WEEDS/Pages/profile_jointedgoatgrass.aspx,,PT,TRUE,,a) Herbaceous,b) Terrestrial,
OR-2-150100,Aegilops ovata,Ovate Goatgrass,,,ODA List A,Plantae,Monocotyledoneae,Poaceae,,http://newyork.plantatlas.usf.edu/Results.aspx?q=Aegilops+geniculata,,PT,TRUE,,a) Herbaceous,,
OR-2-146119,Aegilops triuncialis,Barb Goatgrass,,,ODA List A,Plantae,Monocotyledoneae,Poaceae,,http://cms.oregon.gov/ODA/PLANT/WEEDS/Pages/profile_barbedgoatgrass.aspx,,PT,TRUE,,,,
OR-2-141589,Aegopodium podagraria,Goutweed,TNC and others have treated patches of this species. Portland watch species.,,,Plantae,Dicotyledoneae,Apiaceae,http://www.nps.gov/plants/alien/fact/aepo1.htm,http://www.nps.gov/plants/alien/fact/aepo1.htma,,PT,FALSE,http://upload.wikimedia.org/wikipedia/commons/1/17/Aegopodium_podagraria_001.JPG,a) Herbaceous,b) Terrestrial,
OR-2-150537,Aeschynomene rudis,Zigzag Joint-vetch,,,,Plantae,Dicotyledoneae,Fabaceae,,http://newyork.plantatlas.usf.edu/Results.aspx?q=Aeschynomene+rudis,,PT,FALSE,,a) Herbaceous,,
OR-2-859941,Agrilus coxalis,Goldspotted Oak Borer,,,,Animalia,Insecta,Buprestidae,http://www.fs.fed.us/r5/cleveland/projects/projects/oak-borer/ob_pesalert_20081028.pdf,http://oregonstate.edu/dept/nurspest/Agrilus_coxali_%20NPAG_Report_20090123.pdf,,I,FALSE,http://cisr.ucr.edu/goldspotted_oak_borer.html,,,
OR-2-748242,Agrilus planipennis,Emerald Ash Borer,,,,Animalia,Insecta,Buprestidae,,http://cms.oregon.gov/oisc/pages/calendar_july09_assessment.aspx,,I,FALSE,,,,
OR-2-161505,Agrostis gigantea,Giant Bentgrass,NAS tracked species,,,Plantae,Monocotyledoneae,Poaceae,http://plants.usda.gov/java/profile?symbol=AGGI2,http://oregonstate.edu/dept/range/sites/default/files/Redtop.pdf,,PT,FALSE,http://plants.usda.gov/java/largeImage?imageID=aggi2_001_avp.tif,a) Herbaceous,,
OR-2-148863,Ailanthus altissima,Tree of Heaven,,,ODA Class B,Plantae,Dicotyledoneae,Simaroubaceae,,http://newyork.plantatlas.usf.edu/Results.aspx?q=Ailanthus+altissima,,PT,TRUE,http://www.botany.hawaii.edu/faculty/carr/ofp/ail_alt.htm,c) Tree,,
OR-2-159674,Alhagi pseudalhagi,Camelthorn,,,ODA List A,Plantae,Dicotyledoneae,Fabaceae,,http://cms.oregon.gov/ODA/PLANT/WEEDS/docs/pdf/weed_card_shrubs.pdf,,PT,TRUE,,b) Shrub,b) Terrestrial,
OR-2-127936,Alliaria petiolata,Garlic Mustard,,,ODA List B,Plantae,Dicotyledoneae,Brassicaceae,,http://cms.oregon.gov/oda/plant/weeds/Pages/profile_garlicmustard.aspx,,PT,TRUE,,a) Herbaceous,b) Terrestrial,
OR-2-100172,Alligator mississippiensis,American Alligator,NAS tracked species,,,Animalia,Reptilia,Alligatoridae,http://nas.er.usgs.gov/queries/factsheet.aspx?SpeciesID=221,http://nas.er.usgs.gov/queries/factsheet.aspx?SpeciesID=221,,AA,FALSE,http://upload.wikimedia.org/wikipedia/commons/0/03/American_Alligator.jpg,a) Aquatic,,
OR-2-130762,Alopecurus geniculatus,Meadow Foxtail,NAS tracked species,,,Plantae,Liliopsida,Poaceae,http://nas.er.usgs.gov/queries/factsheet.aspx?SpeciesID=2681,http://newyork.plantatlas.usf.edu/Results.aspx?q=Alopecurus+geniculatus,,PT,FALSE,http://upload.wikimedia.org/wikipedia/commons/4/4a/Alopecurus.geniculatus.2.jpg,a) Herbaceous,b) Terrestrial,
OR-2-128750,Alopecurus myosuroides,Slender Meadow Foxtail,,,,Plantae,Monocotyledoneae,Poaceae,,http://newyork.plantatlas.usf.edu/Results.aspx?q=Alopecurus+myosuroides,,PT,FALSE,,a) Herbaceous,,
OR-2-101354,Alosa sapidissima,American Shad,NAS tracked species,,,Animalia,Actinopterygii,Clupeidae,http://nas.er.usgs.gov/queries/factsheet.aspx?SpeciesID=491,http://nas.er.usgs.gov/queries/factsheet.aspx?SpeciesID=491,,AA,FALSE,http://upload.wikimedia.org/wikipedia/commons/e/ef/Alosa_sapidissima.jpg,a) Aquatic,,
OR-2-860959,Alyssum corsicum,Yellowtuft,,,ODA List A,,,,,http://newyork.plantatlas.usf.edu/Results.aspx?q=Alyssum+corsicum,,PT,TRUE,,a) Herbaceous,b) Terrestrial,
OR-2-142128,Alyssum murale,Yellow-tuft,,,ODA List A,Plantae,Dicotyledoneae,Brassicaceae,,http://cms.oregon.gov/ODA/PLANT/WEEDS/pages/weed_yellowtuft.aspx,,PT,TRUE,,b) Terrestrial,,
OR-2-105635,Ambloplites rupestris,Rock Bass,NAS tracked species,,,Animalia,Actinopterygii,Centrarchidae,http://nas.er.usgs.gov/queries/factsheet.aspx?SpeciesID=373,http://nas.er.usgs.gov/queries/factsheet.aspx?SpeciesID=373,,AA,FALSE,http://upload.wikimedia.org/wikipedia/commons/9/9a/Ambloplites_rupestris.jpg,a) Aquatic,,
OR-2-132259,Ambrosia artemisiifolia,Annual Ragweed,,,ODA List B,,,,,http://newyork.plantatlas.usf.edu/Results.aspx?q=Ambrosia+artemisiifolia,,PT,TRUE,http://upload.wikimedia.org/wikipedia/commons/9/9c/Ambrosia_artemisiifolia_005.jpg,a) Herbaceous,b) Terrestrial,
OR-2-142599,Ambrosia tomentosa,Skeletonleaf Bursage,,,ODA List A,Plantae,Dicotyledoneae,Asteraceae,,http://cms.oregon.gov/ODA/PLANT/WEEDS/Pages/profile_skeletonleafbursage.aspx,,PT,TRUE,,a) Herbaceous,b) Terrestrial,
OR-2-104778,Ameiurus catus,White Catfish,NAS tracked species,,,Animalia,Actinopterygii,Ictaluridae,http://nas.er.usgs.gov/queries/factsheet.aspx?SpeciesID=729,http://nas.er.usgs.gov/queries/factsheet.aspx?SpeciesID=729,,AA,FALSE,http://upload.wikimedia.org/wikipedia/commons/6/6e/White_catfish.jpeg,a) Aquatic,,
OR-2-104669,Ameiurus melas,Black Bullhead,NAS tracked species,,,Animalia,Actinopterygii,Ictaluridae,http://nas.er.usgs.gov/queries/factsheet.aspx?SpeciesID=730,http://nas.er.usgs.gov/queries/factsheet.aspx?SpeciesID=730,,AA,FALSE,http://upload.wikimedia.org/wikipedia/commons/9/94/Ameiurus_melas_by_Duane_Raver.png,a) Aquatic,,
OR-2-103271,Ameiurus natalis,Yellow Bullhead,NAS tracked species,,,Animalia,Actinopterygii,Ictaluridae,http://nas.er.usgs.gov/queries/factsheet.aspx?SpeciesID=733,http://nas.er.usgs.gov/queries/factsheet.aspx?SpeciesID=733,,AA,FALSE,http://upload.wikimedia.org/wikipedia/commons/b/b4/Ameiurus_natalis.jpg,a) Aquatic,,
OR-2-103081,Ameiurus nebulosus,Brown Bullhead,NAS tracked species,,,Animalia,Actinopterygii,Ictaluridae,http://nas.er.usgs.gov/queries/factsheet.aspx?SpeciesID=734,http://nas.er.usgs.gov/queries/factsheet.aspx?SpeciesID=734,,AA,FALSE,http://upload.wikimedia.org/wikipedia/commons/b/b4/Ameiurus_nebulosus.jpg,a) Aquatic,,
OR-2-142660,Amorpha fruticosa,False Indigo,,,ODA Class B,Plantae,Dicotyledoneae,Fabaceae,http://www.ecy.wa.gov/programs/wq/plants/weeds/aqua014.html,http://www.ecy.wa.gov/programs/wq/plants/weeds/aqua014.html,,PT,TRUE,http://upload.wikimedia.org/wikipedia/commons/3/3d/Amorpha_fruticosa_05.JPG,b) Shrub,b) Terrestrial,
OR-2-744139,Amphimallon majalis,European Chafer,,,OISC 100 Worst Invaders,Animalia,Insecta,Scarabaeidae,,http://www.entomology.cornell.edu/cals/entomology/extension/idl/upload/European-Chafer.pdf,,I,FALSE,,b) Terrestrial,,
OR-2-141125,Anchusa arvensis,Small Bugloss,,,,Plantae,Dicotyledoneae,Boraginaceae,,http://newyork.plantatlas.usf.edu/Results.aspx?q=Anchusa+arvensis,,PT,FALSE,,,,
OR-2-160545,Anchusa officinalis,Common Bugloss,,,ODA List B,Plantae,Dicotyledoneae,Boraginaceae,,http://cms.oregon.gov/ODA/PLANT/WEEDS/Pages/profile_commonbugloss.aspx,,PT,TRUE,,,,
OR-2-808752,Anomala orientalis,Oriental Beetle,,,,Animalia,Insecta,Scarabaeidae,,http://newyork.plantatlas.usf.edu/Results.aspx?q=Anomala+orientalis,,I,FALSE,,,,
OR-2-859049,Anoplophora chinensis,Citrus Longhorned Beetle,,,OISC 100 Worst Invaders,Animalia,Insecta,Cerambycidae,,http://cms.oregon.gov/ODA/PLANT/IPPM/Pages/alb.aspx,,I,FALSE,http://commons.wikimedia.org/wiki/File:Anoplophora_chinensis_2008.jpg,b) Terrestrial,,
OR-2-859052,Anoplophora glabripennis,Asian Long-horned Beetle,,,OISC 100 Worst Invaders,Animalia,Insecta,Cerambycidae,,http://cms.oregon.gov/ODA/PLANT/IPPM/Pages/alb.aspx,,I,FALSE,,b) Terrestrial,,
OR-2-152238,Anthemis cotula,Mayweed Chamomile,,,,Plantae,Dicotyledoneae,Asteraceae,,http://oregonstate.edu/dept/nursery-weeds/weedspeciespage/mayweed/mayweed_chamomile_Anthemis_cotula.html,,PT,FALSE,,a) Herbaceous,,
OR-2-148251,Anthriscus caucalis,Bur Chervil,added for Wallowa Resources,,,Plantae,Dicotyledoneae,Apiaceae,,http://newyork.plantatlas.usf.edu/Results.aspx?q=Anthriscus+caucalis,,PT,FALSE,http://www.botany.hawaii.edu/faculty/carr/ofp/ant_cau.htm,a) Herbaceous,b) Terrestrial,
OR-2-858897,Apis mellifera scutellata,Africanized Honey Bee,,,OISC 100 Worst Invaders,Animalia,Insecta,Apidae,,http://www.issg.org/database/species/ecology.asp?fr=1&si=325,,I,FALSE,,b) Terrestrial,,
OR-2-104724,Archoplites interruptus,Sacramento Perch,NAS tracked species,,,Animalia,Actinopterygii,Centrarchidae,http://nas.er.usgs.gov/queries/factsheet.aspx?SpeciesID=374,http://nas.er.usgs.gov/queries/factsheet.aspx?SpeciesID=374,,AA,FALSE,http://upload.wikimedia.org/wikipedia/commons/d/de/Archoplites_interruptus.jpg,a) Aquatic,,
OR-2-137031,Arctium minus,Lesser Burdock,,,,Plantae,Dicotyledoneae,Asteraceae,,http://www.pnwflowers.com/flower/arctium-minus,,PT,FALSE,,a) Herbaceous,b) Terrestrial,
OR-2-859759,Arctotheca calendula,Capeweed,,,,,,,,http://newyork.plantatlas.usf.edu/Results.aspx?q=Arctotheca+calendula+,,PT,FALSE,,a) Herbaceous,b) Terrestrial,
OR-2-128954,Artemisia absinthium,Common Wormwood,"tracked by Skamania Co. (Justin Bush, Emily Stevenson)",,,Plantae,Dicotyledoneae,Asteraceae,http://plants.usda.gov/java/profile?symbol=ARAB3,http://newyork.plantatlas.usf.edu/Results.aspx?q=Artemisia+absinthium,,PT,FALSE,http://www.invasive.org/species/subject.cfm?sub=5121,a) Herbaceous,,
OR-2-153392,Arum italicum,Italian Arum,,,,Plantae,Monocotyledoneae,Araceae,,http://www.westerninvasivesnetwork.org/pdfs/factsheets/ItalianArumFactSheet.pdf,,PT,FALSE,,a) Herbaceous,,
OR-2-151208,Arundo donax,Giant Reed,,,,Plantae,Monocotyledoneae,Poaceae,,http://cms.oregon.gov/OISC/docs/pdf/arundo_ra2011.pdf,,PT,FALSE,,,,
OR-2-859055,Autographa gamma,Silver Y Moth,,,OISC 100 Worst Invaders,Animalia,Insecta,Noctuidae,,http://cms.oregon.gov/oisc/docs/pdf/pra_silvery.pdf,,I,FALSE,http://upload.wikimedia.org/wikipedia/commons/d/db/Gamma-uil_-_zijaanzicht.jpg,b) Terrestrial,,
OR-2-147028,Kochia scoparia,Kochia,,,ODA List B,Plantae,Dicotyledoneae,Chenopodiaceae,,http://cms.oregon.gov/oda/plant/weeds/Pages/profile_kochia.aspx,,PT,TRUE,http://www.oregonflora.org/imgFull.php?CD=1285&file=08SLBOR1582&taxon=Kochia%20scoparia&fieldphotonum=bor1582,a) Herbaceous,b) Terrestrial,
OR-2-134460,Berberis thunbergii,Japanese Barberry,,,,Plantae,Dicotyledoneae,Berberidaceae,,http://newyork.plantatlas.usf.edu/Results.aspx?q=Berberis+thunbergii,,PT,FALSE,,,,
OR-2-146615,Berteroa incana,Hoary False Alyssum,,,,Plantae,Dicotyledoneae,Brassicaceae,,http://newyork.plantatlas.usf.edu/Results.aspx?q=Berteroa+incana,,PT,FALSE,http://upload.wikimedia.org/wikipedia/commons/b/b2/Berteroa_incana_002.JPG,,,
OR-2-131402,Brachypodium sylvaticum,Slender False Brome,,,ODA List B,Plantae,Monocotyledoneae,Poaceae,,http://cms.oregon.gov/ODA/PLANT/WEEDS/Pages/profile_falsebrome.aspx,,PT,TRUE,,a) Herbaceous,,
OR-2-875754,Branchiura sowerbyi,Tubificid Worm,NAS species,,,Animalia,Oligochaeta,Tubificidae,,http://nas.er.usgs.gov/queries/factsheet.aspx?SpeciesID=1151,,AA,FALSE,,a) Aquatic,,
OR-2-131392,Bryonia alba,White Bryony,,,ODA List A,Plantae,Dicotyledoneae,Cucurbitaceae,,http://cms.oregon.gov/ODA/PLANT/WEEDS/pages/profile_whitebryonia.aspx,,PT,TRUE,http://upload.wikimedia.org/wikipedia/commons/d/dd/Bryonia_alba1Georgi_Kunev.jpg,d) Vine,b) Terrestrial,
OR-2-145079,Buddleja davidii,Butterfly Bush,includes B. variabilis records,,ODA List B,Plantae,Dicotyledoneae,Buddlejaceae,,http://cms.oregon.gov/ODA/PLANT/WEEDS/Pages/profile_butteflybush.aspx,,PT,TRUE,,b) Shrub,,
OR-2-144871,Butomus umbellatus,Flowering rush,,,ODA List A,Plantae,Monocotyledoneae,Butomaceae,,http://cms.oregon.gov/ODA/PLANT/WEEDS/pages/profile_floweringrush.aspx,,PA,TRUE,,a) Herbaceous,a) Aquatic,
OR-2-146971,Cabomba caroliniana,Carolina Fanwort,,,,Plantae,Dicotyledoneae,Cabombaceae,,http://www.ecy.wa.gov/programs/wq/plants/weeds/aqua006.html,,PA,FALSE,,a) Herbaceous,a) Aquatic,
OR-2-113147,Caecidotea racovitzai,an asellid isopod,NAS tracked species,,,Animalia,Malacostraca,Asellidae,http://nas.er.usgs.gov/queries/FactSheet.aspx?speciesID=2409,http://nas.er.usgs.gov/queries/FactSheet.aspx?speciesID=2409,,AA,FALSE,,a) Aquatic,,
OR-2-128613,Callitriche stagnalis,Pond Water-starwort,,,,Plantae,Dicotyledoneae,Callitrichaceae,http://plants.usda.gov/java/profile?symbol=CAST,http://newyork.plantatlas.usf.edu/Results.aspx?q=Callitriche+stagnalis,,PA,FALSE,http://www.invasive.org/images/384x256/5270058.jpg,a) Herbaceous,,
OR-2-106481,Carassius auratus,Goldfish,,,Goldfish may not be used for bait or be in an anglers possession while fishing (ODFW sport fishing regulations 2009),Animalia,Actinopterygii,Cyprinidae,http://nas.er.usgs.gov/queries/FactSheet.aspx?SpeciesID=508,http://nas.er.usgs.gov/queries/factsheet.aspx?SpeciesID=508,,AA,TRUE,http://www.invasive.org/images/384x256/5383108.jpg,,,
OR-2-152930,Cardaria draba,Whitetop,,,ODA List B,Plantae,Dicotyledoneae,Brassicaceae,,http://cms.oregon.gov/ODA/PLANT/WEEDS/Pages/profile_whitetop.aspx,,PT,TRUE,,a) Herbaceous,b) Terrestrial,
OR-2-153164,Cardaria draba ssp. chalapensis,Chalapa Hoarycress,,,,Plantae,Dicotyledoneae,Brassicaceae,,http://cms.oregon.gov/ODA/PLANT/WEEDS/pages/profile_lenspoddedwhitetop.aspx,,PT,FALSE,,a) Herbaceous,b) Terrestrial,
OR-2-159284,Cardaria draba ssp. draba,Whitetop (subspecies),,,,Plantae,Dicotyledoneae,Brassicaceae,,http://cms.oregon.gov/ODA/PLANT/WEEDS/Pages/profile_whitetop.aspx,,PT,FALSE,,b) Terrestrial,,
OR-2-128532,Cardaria pubescens,Long-stalk Hoarycress,,,,Plantae,Dicotyledoneae,Brassicaceae,,http://www.nwcb.wa.gov/detail.asp?weed=19,,PT,FALSE,,a) Herbaceous,b) Terrestrial,
OR-2-128178,Carduus acanthoides,Spiny Plumeless-thistle,,,ODA List A,Plantae,Dicotyledoneae,Asteraceae,,http://cms.oregon.gov/ODA/PLANT/WEEDS/Pages/profile_plumelessthistle.aspx,,PT,TRUE,,a) Herbaceous,b) Terrestrial,
OR-2-161470,Carduus nutans,Musk Thistle,,,ODA List B,Plantae,Dicotyledoneae,Asteraceae,,http://www.cwma.org/Muskthistle.html,,PT,TRUE,,a) Herbaceous,b) Terrestrial,
OR-2-155762,Carduus pycnocephalus,Italian Thistle,,,ODA List B,Plantae,Dicotyledoneae,Asteraceae,,http://cms.oregon.gov/ODA/PLANT/WEEDS/Pages/profile_italianthistle.aspx,,PT,TRUE,,a) Herbaceous,b) Terrestrial,
OR-2-132751,Carduus tenuiflorus,Slender-flower Plumless-thistle,,,ODA List B,Plantae,Dicotyledoneae,Asteraceae,,http://cms.oregon.gov/ODA/PLANT/weeds/Pages/profile_slenderfloweredthistle.aspx,,PT,TRUE,http://www.invasive.org/weedcd/images/1536x1024/0023042.jpg,a) Herbaceous,b) Terrestrial,
OR-2-134037,Carthamus lanatus,Woolly Distaff-thistle,,,ODA List A,Plantae,Dicotyledoneae,Asteraceae,,http://cms.oregon.gov/ODA/PLANT/WEEDS/Pages/profile_woollydistaff.aspx,,PT,TRUE,http://upload.wikimedia.org/wikipedia/commons/5/58/Carthamus_lanatus_Inflorescencia_2009-6-20_CampodeCalatrava.jpg,a) Herbaceous,b) Terrestrial,
OR-2-157325,Carthamus baeticus,Smooth Distaff-thistle,,tracked by ODA as Carthamus baeticus,ODA List A,Plantae,Dicotyledoneae,Asteraceae,,http://cms.oregon.gov/ODA/PLANT/WEEDS/pages/profile_smoothdistaff.aspx,,PT,TRUE,,a) Herbaceous,b) Terrestrial,
OR-2-161201,Carthamus lanatus ssp. lanatus,Woolly Distaff-thistle,,ODA tracks full species,ODA List A,Plantae,Dicotyledoneae,Asteraceae,,http://cms.oregon.gov/ODA/PLANT/WEEDS/Pages/profile_woollydistaff.aspx,,PT,TRUE,,a) Herbaceous,b) Terrestrial,
OR-2-859763,Carthamus leucocaulos,Whitestem Distaff Thistle,,,,,,,,http://newyork.plantatlas.usf.edu/Results.aspx?q=Carthamus+leucocaulos+,,PT,FALSE,,a) Herbaceous,b) Terrestrial,
OR-2-152552,Centaurea stoebe spp. micranthos,Spotted Knapweed,,,ODA List B,Plantae,Dicotyledoneae,Asteraceae,,http://newyork.plantatlas.usf.edu/Results.aspx?q=Centaurea+stoebe+ssp.+micranthos,,PT,TRUE,,a) Herbaceous,b) Terrestrial,
OR-2-150265,Centaurea calcitrapa,Big-head Purple Starthistle,,,ODA List A,Plantae,Dicotyledoneae,Asteraceae,,http://cms.oregon.gov/ODA/plant/weeds/Pages/profile_purplestarthistle.aspx,,PT,TRUE,,a) Herbaceous,b) Terrestrial,
OR-2-134974,Centaurea cyanus,Bachelor's Button,added for Wallowa Resources,,,Plantae,Dicotyledoneae,Asteraceae,,http://newyork.plantatlas.usf.edu/Results.aspx?q=Centaurea+cyanus,,PT,FALSE,http://www.invasive.org/browse/subinfo.cfm?sub=5269,a) Herbaceous,b) Terrestrial,
OR-2-137852,Centaurea X moncktonii,Meadow Knapweed,,,ODA List B,Plantae,Dicotyledoneae,Asteraceae,,http://cms.oregon.gov/ODA/PLANT/WEEDS/Pages/profile_meadowknapweed.aspx,,PT,TRUE,,a) Herbaceous,,
OR-2-137343,Centaurea diffusa,Diffuse Knapweed,,,ODA List B,Plantae,Dicotyledoneae,Asteraceae,,http://cms.oregon.gov/oda/plant/weeds/Pages/profile_diffuseknapweed.aspx,,PT,TRUE,,a) Herbaceous,,
OR-2-147067,Centaurea iberica,Iberian Starthistle,,,ODA List A,Plantae,Dicotyledoneae,Asteraceae,,http://cms.oregon.gov/oda/plant/weeds/Pages/profile_iberianstarthistle.aspx,,PT,TRUE,,a) Herbaceous,b) Terrestrial,
OR-2-139215,Centaurea macrocephala,Bighead Knapweed,,,,Plantae,Dicotyledoneae,Asteraceae,,http://newyork.plantatlas.usf.edu/Results.aspx?q=Centaurea+macrocephala,,PT,FALSE,,,,
OR-2-148780,Centaurea melitensis,Maltese Starthistle,,,,Plantae,Dicotyledoneae,Asteraceae,,http://newyork.plantatlas.usf.edu/Results.aspx?q=Centaurea+melitensis,,PT,FALSE,,a) Herbaceous,,
OR-2-150184,Centaurea nigra,Black Knapweed,,,,Plantae,Dicotyledoneae,Asteraceae,http://plants.usda.gov/java/profile?symbol=CENI2,http://www.nwcb.wa.gov/detail.asp?weed=30,,PT,FALSE,http://www.invasive.org/species/subject.cfm?sub=5282,a) Herbaceous,b) Terrestrial,
OR-2-143907,Centaurea nigrescens,Vochin Knapweed,,,,Plantae,Dicotyledoneae,Asteraceae,,http://newyork.plantatlas.usf.edu/Results.aspx?q=Centaurea+nigrescens,,PT,FALSE,,,,
OR-2-136039,Centaurea solstitialis,Yellow Star-thistle,,,ODA List B,Plantae,Dicotyledoneae,Asteraceae,,http://cms.oregon.gov/oda/plant/weeds/Pages/profile_yellowstarthistle.aspx,,PT,TRUE,,,,
OR-2-145869,Centaurea virgata,Squarrose Knapweed,,Some taxonomy issues here - ITIS says C. triumfettii and C. virgata both accepted species (but one ssp. is synonymous). Will leave as-is for now but may need to petition for C. virgata added to national list.,ODA List A,Plantae,Dicotyledoneae,Asteraceae,http://www.oregon.gov/ODA/PLANT/WEEDS/docs/pdf/trifold_squarroseknapweed.pdf,http://cms.oregon.gov/oda/plant/weeds/Pages/profile_squarroseknap.aspx,,PT,TRUE,http://www.oregon.gov/ODA/PLANT/images/lg/weed_sqrknap_flw_ds.jpg,a) Herbaceous,b) Terrestrial,
OR-2-119217,Cernuella virgata,Vineyard Snail,,,,Animalia,Gastropoda,Hygromiidae,,http://newyork.plantatlas.usf.edu/Results.aspx?q=Cernuella+virgata,,AT,FALSE,http://upload.wikimedia.org/wikipedia/commons/f/f0/Cernuella_virgata_Kythira.jpg,,,
OR-2-859058,Ceroplastes japonicus,Japanese Wax Scale,,,OISC 100 Worst Invaders,Animalia,Insecta,Coccidae,,http://www.aphis.usda.gov/plant_health/plant_pest_info/pest_detection/downloads/pra/cjaponicuspra.pdf,,I,FALSE,,b) Terrestrial,,
OR-2-104812,Cervus nippon,Sika Deer,,,,Animalia,Mammalia,Cervidae,,http://newyork.plantatlas.usf.edu/Results.aspx?q=Cervus+nippon,,AT,FALSE,http://upload.wikimedia.org/wikipedia/commons/6/64/Cervus_nippon_yakushimae_10.jpg,,,
OR-43-867808,Chaetogaster diaphanus,Naiadid Worm,NAS species,,,Animalia,Oligochaeta,Tubificidae,,http://www.marinespecies.org/aphia.php?p=taxdetails&id=137478,http://nas.er.usgs.gov/queries/CollectionInfo.aspx?SpeciesID=2753,AA,FALSE,,a) Aquatic,,
OR-2-103761,Chelydra serpentina,Snapping Turtle,,,"It is illegal in the state to buy, sell, possess or release this non-native turtle. If youve just realized you are in possession of a non-native turtle, contact your local ODFW office.  For more information, see Oregon Administrative Rules",Animalia,Chelonia,Chelydridae,http://www.dfw.state.or.us/conservationstrategy/invasive_species/snapping_turtle.asp,http://www.oregonturtles.com/nonnative.html,,AA,TRUE,http://upload.wikimedia.org/wikipedia/commons/9/95/Chelydra_serpentina_USGS.jpg,a) Aquatic,,
OR-2-135667,Chondrilla juncea,Rush Skeletonweed,,,ODA List B,Plantae,Dicotyledoneae,Asteraceae,,http://cms.oregon.gov/ODA/PLANT/WEEDS/pages/profile_rushskeletonweed.aspx,,PT,TRUE,,a) Herbaceous,b) Terrestrial,
OR-2-154066,Cichorium intybus,Chicory,added for Wallowa Resources,,,Plantae,Dicotyledoneae,Asteraceae,http://plants.usda.gov/java/profile?symbol=CIIN,http://newyork.plantatlas.usf.edu/Results.aspx?q=Cichorium+intybus,,PT,FALSE,http://www.invasive.org/species/subject.cfm?sub=5332,a) Herbaceous,b) Terrestrial,
OR-2-116697,Cipangopaludina chinensis,Chinese Mysterysnail,,,ODFW Prohibited,Animalia,Gastropoda,Viviparidae,http://nas.er.usgs.gov/queries/FactSheet.aspx?SpeciesID=1045,http://www.dfw.state.or.us/conservationstrategy/invasive_species/docs/ChinesemysterysnailFactSheet.pdf,,AA,TRUE,http://nas.er.usgs.gov/XIMAGESERVERX/2005/20051116110839.JPG,,,
OR-2-115096,Cipangopaludina japonica,Japanese Mysterysnail,,,,Animalia,Gastropoda,Viviparidae,http://nas.er.usgs.gov/queries/factsheet.aspx?SpeciesID=1046,http://nas.er.usgs.gov/queries/factsheet.aspx?SpeciesID=1046,,AA,FALSE,,a) Aquatic,,
OR-2-154063,Cirsium arvense,Canada Thistle,,,,Plantae,Dicotyledoneae,Asteraceae,,http://cms.oregon.gov/ODA/plant/weeds/Pages/profile_canadathistle.aspx,,PT,FALSE,,a) Herbaceous,,
OR-2-153522,Cirsium ochrocentrum,Yellowspine Thistle,,,,Plantae,Dicotyledoneae,Asteraceae,,http://newyork.plantatlas.usf.edu/Results.aspx?q=Cirsium+ochrocentrum,,PT,FALSE,,a) Herbaceous,b) Terrestrial,
OR-2-130009,Cirsium undulatum,Wavyleaf Thistle,,,,Plantae,Dicotyledoneae,Asteraceae,,http://newyork.plantatlas.usf.edu/Results.aspx?q=Cirsium+undulatum,,PT,FALSE,,a) Herbaceous,,
OR-2-157401,Cirsium vulgare,Bull Thistle,,,ODA List B,Plantae,Dicotyledoneae,Asteraceae,,http://cms.oregon.gov/ODA/PLANT/WEEDS/pages/profile_bullthistle.aspx,,PT,TRUE,,,,
OR-2-142804,Clematis vitalba,Traveler's-joy,,,ODA List B,Plantae,Dicotyledoneae,Ranunculaceae,,http://cms.oregon.gov/ODA/PLANT/WEEDS/Pages/profile_oldmansbeard.aspx,,PT,TRUE,http://upload.wikimedia.org/wikipedia/commons/6/63/Clematis_vitalba_A.jpg,d) Vine,b) Terrestrial,
OR-2-133974,Conium maculatum,Poison-hemlock,,,ODA List B,Plantae,Dicotyledoneae,Apiaceae,,http://cms.oregon.gov/ODA/plant/weeds/Pages/profile_poisonhemlock.aspx,,PT,TRUE,,,,
OR-2-746661,Conotrachelus nenuphar,Plum Curculio,,,Some fruits and soil from regulated states is prohibited from entering Oregon.,Animalia,Insecta,Curculionidae,,http://cms.oregon.gov/ODA/PLANT/NURSERY/Pages/reg_pc.aspx,,I,TRUE,,,,
OR-2-859061,Contarinia nasturtii,Swede Midge,,,OISC 100 Worst Invaders,Animalia,Insecta,Cecidomyiidae,,http://www.mda.state.mn.us/news/publications/pestsplants/insects&pests/swedemidge_pra.pdf,,I,FALSE,,b) Terrestrial,,
OR-2-153913,Convolvulus arvensis,Field Bindweed,,,ODA List B,Plantae,Dicotyledoneae,Convolvulaceae,,http://cms.oregon.gov/ODA/PLANT/WEEDS/Pages/profile_fieldbindweed.aspx,,PT,TRUE,,d) Vine,,
OR-2-109333,Corbicula fluminea,Asiatic Clam,,,,Animalia,Bivalvia,Corbiculidae,http://nas.er.usgs.gov/queries/FactSheet.aspx?SpeciesID=92,http://newyork.plantatlas.usf.edu/Results.aspx?q=Corbicula+fluminea,,AA,FALSE,http://nas3.er.usgs.gov/XIMAGESERVERX/2005/20051110110923.jpg,,,
OR-2-808309,Cordylophora caspia,Freshwater Hydroid,NAS tracked species,,,Animalia,Hydrozoa,Oceanidae,http://nas.er.usgs.gov/queries/factsheet.aspx?SpeciesID=1060,http://nas.er.usgs.gov/queries/factsheet.aspx?SpeciesID=1060,,AA,FALSE,,a) Aquatic,,
OR-2-105498,Coregonus clupeaformis,Lake Whitefish,NAS tracked species,,,Animalia,Actinopterygii,Salmonidae,http://nas.er.usgs.gov/queries/factsheet.aspx?SpeciesID=887,http://nas.er.usgs.gov/queries/factsheet.aspx?SpeciesID=887,,AA,FALSE,http://upload.wikimedia.org/wikipedia/commons/a/a3/Lake_whitefish1.jpg,a) Aquatic,,
OR-2-135704,Coronilla varia,Common Crown-vetch,syn. Securigera varia,,,Plantae,Dicotyledoneae,Fabaceae,,http://newyork.plantatlas.usf.edu/Results.aspx?q=Coronilla+varia,,PT,FALSE,,a) Herbaceous,b) Terrestrial,
OR-2-157714,Cortaderia jubata,Pampas Grass,,,ODA List B,Plantae,Monocotyledoneae,Poaceae,,http://cms.oregon.gov/ODA/PLANT/WEEDS/pages/profile_jubatagrass.aspx,,PT,TRUE,,a) Herbaceous,b) Terrestrial,
OR-2-161048,Cortaderia selloana,Pampas Grass,,,,Plantae,Monocotyledoneae,Poaceae,,http://newyork.plantatlas.usf.edu/Results.aspx?q=Cortaderia+selloana,,PT,FALSE,,a) Herbaceous,b) Terrestrial,
OR-2-158045,Cotoneaster franchetii,Franchet's Cotoneaster,,,,Plantae,Dicotyledoneae,Rosaceae,,http://newyork.plantatlas.usf.edu/Results.aspx?q=Cotoneaster+franchetii,,PT,FALSE,,b) Shrub,,
OR-2-150268,Cotula coronopifolia,Common Brassbuttons,NAS tracked species,,,Plantae,Dicotyledoneae,Asteraceae,,http://newyork.plantatlas.usf.edu/Results.aspx?q=Cotula+coronopifolia,,PT,FALSE,,a) Herbaceous,,
OR-2-118933,Crangonyx pseudogracilis,Northern River Crangonyctid,NAS tracked species,,,Animalia,Malacostraca,Crangonyctidae,http://nas.er.usgs.gov/queries/factsheet.aspx?SpeciesID=2387,http://nas.er.usgs.gov/queries/factsheet.aspx?SpeciesID=2387,,AA,FALSE,,a) Aquatic,,
OR-2-120523,Craspedacusta sowerbyi,Freshwater Jellyfish,,,,Animalia,Hydrozoa,Olindiidae,http://nas.er.usgs.gov/queries/FactSheet.aspx?SpeciesID=1068,,,AA,FALSE,http://nas.er.usgs.gov/XIMAGESERVERX/2005/20050818184747.jpg,,,
OR-2-136321,Crataegus laevigata,English Midland Hawthorn,,,,Plantae,Dicotyledoneae,Rosaceae,,http://newyork.plantatlas.usf.edu/Results.aspx?q=Crataegus+laevigata,,PT,FALSE,,c) Tree,b) Terrestrial,
OR-2-735801,Crataegus monogyna,Common Hawthorn,,,,Plantae,Dicotyledoneae,Rosaceae,http://plants.usda.gov/java/profile?symbol=CRMO3,http://www.cal-ipc.org/ip/management/ipcw/pages/detailreport.cfm@usernumber=37&surveynumber=182.php,,PT,FALSE,http://www.invasive.org/species/subject.cfm?sub=5392,c) Tree,,
OR-2-158334,Crupina vulgaris,Common Crupina,,,ODA List B,Plantae,Dicotyledoneae,Asteraceae,,http://cms.oregon.gov/ODA/PLANT/WEEDS/pages/profile_beardedcreeper.aspx,,PT,TRUE,,a) Herbaceous,b) Terrestrial,
OR-2-102594,Ctenopharyngodon idella,Grass Carp,,,Requires ODFW permit for stocking.,Animalia,Actinopterygii,Cyprinidae,http://nas.er.usgs.gov/queries/FactSheet.aspx?SpeciesID=514,,,AA,FALSE,http://www.invasive.org/browse/detail.cfm?imgnum=5371472,,,
OR-2-158812,Cucumis melo,Cantaloupe,,,,Plantae,Dicotyledoneae,Cucurbitaceae,,http://newyork.plantatlas.usf.edu/Results.aspx?q=Cucumis+melo,,PT,FALSE,,d) Vine,,
OR-2-142801,Cuscuta approximata,Small-seed Alfalfa Dodder,,"Cuscuta spp. on list B, except for NW natives.",ODA List B,Plantae,Dicotyledoneae,Cuscutaceae,,http://newyork.plantatlas.usf.edu/Results.aspx?q=Cuscuta+approximata,,PT,TRUE,,d) Vine,b) Terrestrial,
OR-2-144389,Cuscuta epithymum,Clover Dodder,,"Cuscuta spp. on list B, except for NW natives.",ODA List B,Plantae,Dicotyledoneae,Cuscutaceae,,http://newyork.plantatlas.usf.edu/Results.aspx?q=Cuscuta+epithymum,,PT,TRUE,http://upload.wikimedia.org/wikipedia/commons/9/97/Cuscuta_epithymum_%28flowering%29.jpg,d) Vine,,
OR-2-148129,Cuscuta japonica,Japanese Dodder,,,ODA List A,Plantae,Dicotyledoneae,Cuscutaceae,,http://cms.oregon.gov/oda/plant/weeds/Pages/profile_japanesedodder.aspx,,PT,TRUE,http://upload.wikimedia.org/wikipedia/commons/5/5b/Cuscuta_japonica_Choisy_01.JPG,d) Vine,,
OR-2-860965,Cuscuta reflexa,Giant Dodder,,"Cuscuta spp. on list B, except for NW natives.",ODA List B,,,,,http://newyork.plantatlas.usf.edu/Results.aspx?q=Cuscuta+reflexa,,PT,TRUE,,d) Vine,b) Terrestrial,
OR-2-100736,Cygnus olor,Mute Swan,,,,Animalia,Aves,Anatidae,,http://newyork.plantatlas.usf.edu/Results.aspx?q=Cygnus+olor,,AT,FALSE,http://upload.wikimedia.org/wikipedia/commons/4/4f/Cygnus_olor.jpg,,,
OR-2-159593,Cynoglossum officinale,Houndstongue,,,ODA List B,Plantae,Dicotyledoneae,Boraginaceae,,http://cms.oregon.gov/ODA/PLANT/WEEDS/Pages/profile_houndstongue.aspx,,PT,TRUE,,a) Herbaceous,,
OR-2-131266,Cyperus esculentus,Yellow Nutsedge,,,ODA List B,Plantae,Monocotyledoneae,Cyperaceae,,http://cms.oregon.gov/oda/plant/weeds/Pages/profile_yellownutsedge.aspx,,PT,TRUE,,a) Herbaceous,,
OR-2-149766,Cyperus rotundus,Purple Flatsedge,,,ODA List A,Plantae,Monocotyledoneae,Cyperaceae,,http://cms.oregon.gov/ODA/PLANT/WEEDS/pages/profile_purplenutsedge.aspx,,PT,TRUE,http://upload.wikimedia.org/wikipedia/commons/7/78/Starr_060416-7708_Cyperus_rotundus.jpg,a) Herbaceous,,
OR-2-105636,Cyprinus carpio,Common Carp,,,,Animalia,Actinopterygii,Cyprinidae,http://nas.er.usgs.gov/queries/FactSheet.aspx?SpeciesID=4,,,AA,FALSE,http://www.invasive.org/images/384x256/5371497.jpg,,,
OR-2-138657,Cytisus scoparius,Scots Broom,,,ODA List B,Plantae,Dicotyledoneae,Fabaceae,,http://cms.oregon.gov/oda/plant/weeds/Pages/profile_scotchbroom.aspx,,PT,TRUE,,b) Shrub,b) Terrestrial,
OR-2-859768,Cytisus striatus,Portuguese Broom,,,ODA List B,,,,,http://cms.oregon.gov/oda/plant/weeds/Pages/profile_portbroom.aspx,,PT,TRUE,,b) Shrub,b) Terrestrial,
OR-2-101112,Dama dama,Fallow Deer,,,,Animalia,Mammalia,Cervidae,,http://newyork.plantatlas.usf.edu/Results.aspx?q=Dama+dama,,AT,FALSE,http://upload.wikimedia.org/wikipedia/commons/8/8a/Dama_dama_qtl4.jpg,b) Terrestrial,,
OR-2-133732,Daphne laureola,Spurge-laurel,,,ODA List B,Plantae,Dicotyledoneae,Thymelaeaceae,,http://cms.oregon.gov/ODA/PLANT/WEEDS/Pages/profile_spurgelaurel.aspx,,PT,TRUE,,b) Shrub,b) Terrestrial,
OR-2-141876,Daucus carota,Queen Anne's Lace,,,,Plantae,Dicotyledoneae,Apiaceae,,http://extension.oregonstate.edu/catalog/pdf/pnw/pnw447-e.pdf,,PT,FALSE,,a) Herbaceous,,
OR-2-859065,Dendrolimus superans,Siberian Moth,,,OISC 100 Worst Invaders,Animalia,Insecta,Lasiocampidae,,http://www.aphis.usda.gov/plant_health/plant_pest_info/pest_detection/downloads/pra/dsuperanspra.pdf,,I,FALSE,,b) Terrestrial,,
OR-2-129326,Digitalis purpurea,Purple Foxglove,,,,Plantae,Dicotyledoneae,Scrophulariaceae,,http://newyork.plantatlas.usf.edu/Results.aspx?q=Digitalis+purpurea,,PT,FALSE,,a) Herbaceous,b) Terrestrial,
OR-2-159982,Dipsacus fullonum,Common Teasel,,,,Plantae,Dicotyledoneae,Dipsacaceae,http://plants.usda.gov/java/profile?symbol=DIFU2,http://newyork.plantatlas.usf.edu/Results.aspx?q=Dipsacus+fullonum,,PT,FALSE,,a) Herbaceous,b) Terrestrial,
OR-2-140048,Dipsacus laciniatus,Cutleaf Teasel,,,ODA List B,Plantae,Dicotyledoneae,Dipsacaceae,,http://cms.oregon.gov/ODA/PLANT/WEEDS/Pages/profile_cutleafteasel.aspx,,PT,TRUE,,a) Herbaceous,b) Terrestrial,
OR-2-105828,Dorosoma petenense,Threadfin Shad,NAS tracked species,,,Animalia,Actinopterygii,Clupeidae,http://nas.er.usgs.gov/queries/factsheet.aspx?SpeciesID=493,http://nas.er.usgs.gov/queries/factsheet.aspx?SpeciesID=493,,AA,FALSE,http://upload.wikimedia.org/wikipedia/commons/b/bf/Signalosa_atchafalayae.jpg,a) Aquatic,,
OR-2-109133,Dreissena bugensis,Quagga Mussel,,,ODFW Prohibited,Animalia,Bivalvia,Dreissenidae,http://nas.er.usgs.gov/queries/FactSheet.aspx?SpeciesID=95,http://newyork.plantatlas.usf.edu/Results.aspx?q=Dreissena+bugensis,,AA,TRUE,http://www.invasive.org/browse/detail.cfm?imgnum=1265039,a) Aquatic,,
OR-2-109673,Dreissena polymorpha,Zebra Mussel,,,ODFW Prohibited,Animalia,Bivalvia,Dreissenidae,http://nas.er.usgs.gov/queries/FactSheet.aspx?SpeciesID=5,http://newyork.plantatlas.usf.edu/Results.aspx?q=Dreissena+polymorpha,,AA,TRUE,http://www.invasive.org/images/768x512/1354037.jpg,,,
OR-2-161682,Echinops ritro,Ruthenian Globe-thistle,,,,Plantae,Dicotyledoneae,Asteraceae,,http://newyork.plantatlas.usf.edu/Results.aspx?q=Echinops+ritro,,PT,FALSE,http://commons.wikimedia.org/wiki/File:Echinops_ritro_0010.JPG,a) Herbaceous,b) Terrestrial,
OR-2-133206,Echium plantagineum,Patterson's Curse,,,ODA List A,Plantae,Dicotyledoneae,Boraginaceae,,http://cms.oregon.gov/ODA/plant/weeds/Pages/profile_pcurse.aspx,,PT,TRUE,http://commons.wikimedia.org/wiki/File:Echium_plantagineum-Zingaro.JPG,a) Herbaceous,b) Terrestrial,
OR-2-157743,Echium vulgare,Viper's Bugloss,,,,Plantae,Dicotyledoneae,Boraginaceae,,http://newyork.plantatlas.usf.edu/Results.aspx?q=Echium+vulgare,,PT,FALSE,http://upload.wikimedia.org/wikipedia/commons/d/d9/Echium_vulgare_190605.JPG,a) Herbaceous,,
OR-2-137548,Egeria densa,Brazilian Waterweed,,,ODA List B,Plantae,Monocotyledoneae,Hydrocharitaceae,http://plants.usda.gov/java/profile?symbol=EGDE,http://newyork.plantatlas.usf.edu/Results.aspx?q=Egeria+densa,,PA,TRUE,http://www.invasive.org/species/subject.cfm?sub=3019,a) Herbaceous,a) Aquatic,
OR-2-153771,Elaeagnus angustifolia,Russian Olive,,,,Plantae,Dicotyledoneae,Elaeagnaceae,,http://newyork.plantatlas.usf.edu/Results.aspx?q=Elaeagnus+angustifolia,,PT,FALSE,,b) Shrub,b) Terrestrial,
OR-2-127983,Elymus repens,Quack Grass,,,,Plantae,Monocotyledoneae,Poaceae,,http://newyork.plantatlas.usf.edu/Results.aspx?q=Elymus+repens,,PT,FALSE,,a) Herbaceous,,
OR-2-746944,Epilachna varivestis,Mexican Bean Beetle,,,,Animalia,Insecta,Coccinellidae,,http://newyork.plantatlas.usf.edu/Results.aspx?q=Epilachna+varivestis,,I,FALSE,,,,
OR-2-160682,Epilobium hirsutum,Great Hairy Willowherb,NAS tracked species,,,Plantae,Dicotyledoneae,Onagraceae,http://plants.usda.gov/java/profile?symbol=EPHI,http://newyork.plantatlas.usf.edu/Results.aspx?q=Epilobium+hirsutum,,PT,FALSE,http://www.invasive.org/images/384x256/5233097.jpg,,,
OR-2-859070,Epiphyas postvittana,Light Brown Apple Moth,,,OISC 100 Worst Invaders,Animalia,Insecta,Tortricidae,,http://www.aphis.usda.gov/plant_health/plant_pest_info/pest_detection/downloads/pra/epostvittanapra.pdf,,I,FALSE,http://upload.wikimedia.org/wikipedia/commons/4/4f/Epiphyas_postvittana.JPG,b) Terrestrial,,
OR-2-153557,Erica lusitanica,Spanish Heath,,,ODA List B,Plantae,Dicotyledoneae,Ericaceae,,http://cms.oregon.gov/ODA/PLANT/WEEDS/Pages/profile_spanishheath.aspx,,PT,TRUE,http://upload.wikimedia.org/wikipedia/commons/5/59/Starr_050816-3533_Erica_lusitanica.jpg,b) Shrub,b) Terrestrial,
OR-2-875756,Eriocheir japonicus,Japanese Mitten Crab,NAS species,,,Animalia,Malacostraca,Grapsidae,,http://invasions.si.edu/nemesis/browseDB/SpeciesSummary.jsp?TSN=-360,,AA,FALSE,http://invasions.si.edu/SpImages/Eriocheir_japonica_Wikipedia_ja.jpg,a) Aquatic,,
OR-2-103671,Esox americanus,Redfin Pickerel,NAS tracked species,,,Animalia,Actinopterygii,Esocidae,http://nas.er.usgs.gov/queries/factsheet.aspx?SpeciesID=674,http://nas.er.usgs.gov/queries/factsheet.aspx?SpeciesID=674,,AA,FALSE,http://upload.wikimedia.org/wikipedia/commons/2/24/Esox_americanus_americanus.jpg,a) Aquatic,,
OR-2-102929,Esox lucius,Northern Pike,NAS tracked species,,,Animalia,Actinopterygii,Esocidae,http://nas.er.usgs.gov/queries/factsheet.aspx?SpeciesID=676,http://nas.er.usgs.gov/queries/factsheet.aspx?SpeciesID=676,,AA,FALSE,http://upload.wikimedia.org/wikipedia/commons/7/72/Esox_lucius_Prague_Vltava_2.jpg,a) Aquatic,,
OR-2-877197,Eukerria saltensis,Subtropical Earthworm,NAS species,,,Animalia,Oligochaeta,Ocnerodrilidae,,http://clitellates.biota.biodiv.tw/pages/823,http://nas.er.usgs.gov/queries/CollectionInfo.aspx?SpeciesID=2752,AA,FALSE,,a) Aquatic,,
OR-2-149354,Euphorbia esula,Leafy Spurge,,,ODA List B,Plantae,Dicotyledoneae,Euphorbiaceae,,http://newyork.plantatlas.usf.edu/Results.aspx?q=Euphorbia+esula,,PT,TRUE,,a) Herbaceous,b) Terrestrial,
OR-2-143475,Euphorbia lathyris,Caper Spurge,,,,Plantae,Dicotyledoneae,Euphorbiaceae,,http://newyork.plantatlas.usf.edu/Results.aspx?q=Euphorbia+lathyris,,PT,FALSE,,a) Herbaceous,b) Terrestrial,
OR-2-133829,Euphorbia myrsinites,Myrtle Spurge,,,ODA List B,Plantae,Dicotyledoneae,Euphorbiaceae,,http://cms.oregon.gov/ODA/PLANT/WEEDS/pages/profile_myrtlespurge.aspx,,PT,TRUE,,a) Herbaceous,b) Terrestrial,
OR-2-134190,Euphorbia oblongata,Eggleaf Spurge,,,ODA List A,Plantae,Dicotyledoneae,Euphorbiaceae,,http://cms.oregon.gov/ODA/plant/weeds/Pages/profile_oblongspurge.aspx,,PT,TRUE,,a) Herbaceous,b) Terrestrial,
OR-2-859772,Euphorbia serrata,Serrate spurge,,,,,,,,http://newyork.plantatlas.usf.edu/Results.aspx?q=Euphorbia+serrata+,,PT,FALSE,,a) Herbaceous,b) Terrestrial,
OR-2-877199,Eurytemora affinis,Calanoid Copepod,NAS species,,,Animalia,Maxillopoda,Temoridae,,http://nas.er.usgs.gov/queries/FactSheet.asp?speciesID=178,,AA,FALSE,,a) Aquatic,,
OR-2-740419,Exopalaemon modestus,Siberian Prawn,,,,Animalia,Malacostraca,Palaemonidae,http://nas.er.usgs.gov/queries/factsheet.aspx?SpeciesID=1200,http://nas.er.usgs.gov/queries/factsheet.aspx?SpeciesID=1200,,AA,FALSE,http://upload.wikimedia.org/wikipedia/commons/2/27/Euphorbia_serrata_%28habitus%29.jpg,,,
OR-2-807787,Fallopia x bohemica,Bohemian knotweed,,,,Plantae,Magnoliopsida,Polygonaceae,,http://newyork.plantatlas.usf.edu/Results.aspx?q=Fallopia+x+bohemica,,PT,FALSE,,a) Herbaceous,,
OR-2-159195,Foeniculum vulgare,Sweet Fennel,,,,Plantae,Dicotyledoneae,Apiaceae,,http://newyork.plantatlas.usf.edu/Results.aspx?q=Foeniculum+vulgare,,PT,FALSE,,a) Herbaceous,b) Terrestrial,
OR-2-110732,Fredericella indica,A Freshwater Bryozoan,NAS tracked species,,,Animalia,Phylacrtolaemata,Fredericellidae,http://nas.er.usgs.gov/queries/FactSheet.aspx?SpeciesID=2748,http://nas.er.usgs.gov/queries/FactSheet.aspx?SpeciesID=2748,,AA,FALSE,,a) Aquatic,,
OR-2-104841,Fundulus diaphanus,Banded Killifish,NAS tracked species,,,Animalia,Actinopterygii,Fundulidae,http://nas.er.usgs.gov/queries/FactSheet.aspx?SpeciesID=685,http://nas.er.usgs.gov/queries/FactSheet.aspx?SpeciesID=685,,AA,FALSE,http://upload.wikimedia.org/wikipedia/commons/5/5d/Banded_killifish_2.jpg,a) Aquatic,,
OR-2-141903,Galega officinalis,Goatsrue,,,ODA List A,Plantae,Dicotyledoneae,Fabaceae,,http://cms.oregon.gov/ODA/PLANT/WEEDS/pages/profile_goatsrue.aspx,,PT,TRUE,http://upload.wikimedia.org/wikipedia/commons/1/14/Galega_officinalisUME.JPG,a) Herbaceous,b) Terrestrial,
OR-2-103578,Gambusia affinis,Western Mosquitofish,NAS tracked species,,,Animalia,Actinopterygii,Poeciliidae,http://nas.er.usgs.gov/queries/factsheet.aspx?SpeciesID=846,http://nas.er.usgs.gov/queries/factsheet.aspx?SpeciesID=846,,AA,FALSE,http://upload.wikimedia.org/wikipedia/commons/5/5c/Mosquitofish.jpg,a) Aquatic,,
OR-2-155624,Genista monspessulana,French Broom,,,ODA List B,Plantae,Dicotyledoneae,Fabaceae,,http://cms.oregon.gov/ODA/PLANT/WEEDS/Pages/profile_frenchbroom.aspx,,PT,TRUE,,b) Shrub,b) Terrestrial,
OR-2-154893,Geranium lucidum,Shining Crane's-bill,,,ODA List B,Plantae,Dicotyledoneae,Geraniaceae,,http://cms.oregon.gov/ODA/PLANT/weeds/Pages/profile_shinygeranium.aspx,,PT,TRUE,http://www.botany.hawaii.edu/faculty/carr/ofp/ger_luc.htm,a) Herbaceous,,
OR-2-155010,Geranium robertianum,Herb Robert,,,ODA List B,Plantae,Dicotyledoneae,Geraniaceae,,http://cms.oregon.gov/oda/plant/weeds/Pages/profile_herbrobert.aspx,,PT,TRUE,,a) Herbaceous,,
OR-2-101436,Gila atraria,Utah Chub,NAS tracked species,,,Animalia,Actinopterygii,Cyprinidae,http://nas.er.usgs.gov/queries/FactSheet.aspx?speciesID=531,http://nas.er.usgs.gov/queries/FactSheet.aspx?speciesID=531,,AA,FALSE,,a) Aquatic,,
OR-2-141191,Glyceria maxima,Reed Mannagrass,,,,Plantae,Monocotyledoneae,Poaceae,,http://newyork.plantatlas.usf.edu/Results.aspx?q=Glyceria+maxima,,PA,FALSE,,a) Herbaceous,,
OR-2-133290,Halimodendron halodendron,Russian Salt Tree,,,,Plantae,Dicotyledoneae,Fabaceae,,http://newyork.plantatlas.usf.edu/Results.aspx?q=Halimodendron+halodendron,,PT,FALSE,,c) Tree,,
OR-2-157500,Halogeton glomeratus,Halogeton,,,ODA List B,Plantae,Dicotyledoneae,Chenopodiaceae,,http://cms.oregon.gov/ODA/PLANT/WEEDS/Pages/profile_halogeton.aspx,,PT,TRUE,,a) Herbaceous,b) Terrestrial,
OR-2-147683,Hedera helix,English Ivy,incl Hedera hibernica records,H. hibernica separate spp.? If so both are listed under English Ivy in ODA list.,ODA List B,Plantae,Dicotyledoneae,Araliaceae,,http://cms.oregon.gov/ODA/PLANT/WEEDS/Pages/profile_englishivy.aspx,,PT,TRUE,,d) Vine,b) Terrestrial,
OR-2-140740,Helianthus ciliaris,Texas Blueweed,,,ODA List A,Plantae,Dicotyledoneae,Asteraceae,,http://newyork.plantatlas.usf.edu/Results.aspx?q=Helianthus+ciliaris,,PT,TRUE,,a) Herbaceous,b) Terrestrial,
OR-2-859079,Helicoverpa armigera,Old World Bollworm,,,OISC 100 Worst Invaders,Animalia,Insecta,Noctuidae,,http://www.aphis.usda.gov/plant_health/plant_pest_info/pest_detection/downloads/pra/harmigerapra.pdf,,I,FALSE,,b) Terrestrial,,
OR-2-146296,Hemizonia pungens,Spikeweed,syn. Centromadia pungens,,ODA List B,Plantae,Dicotyledoneae,Asteraceae,,http://cms.oregon.gov/ODA/PLANT/WEEDS/pages/profile_spikeweed.aspx,,PT,TRUE,,a) Herbaceous,,
OR-2-153454,Heracleum mantegazzianum,Giant Hogweed,,,ODA List A,Plantae,Dicotyledoneae,Apiaceae,,http://cms.oregon.gov/ODA/PLANT/WEEDS/Pages/profile_gianthogweed.aspx,,PT,TRUE,http://upload.wikimedia.org/wikipedia/commons/a/a6/Heracleum_mantegazzianum_%28Meise%29_JPG1a.jpg,a) Herbaceous,,
OR-2-131566,Hieracium aurantiacum,Orange Hawkweed,,,ODA List A,Plantae,Dicotyledoneae,Asteraceae,,http://cms.oregon.gov/ODA/plant/weeds/Pages/profile_orangehawkweed.aspx,,PT,TRUE,http://upload.wikimedia.org/wikipedia/commons/1/18/Hieracium_aurantiacum_Xonrupt.jpg,a) Herbaceous,b) Terrestrial,
OR-2-146060,Hieracium caespitosum,Meadow Hawkweed,,on ODA list as the synonym Hieracium pratense,ODA List A,Plantae,Dicotyledoneae,Asteraceae,,http://cms.oregon.gov/ODA/PLANT/WEEDS/Pages/profile_meadowhawkweed.aspx,,PT,TRUE,,a) Herbaceous,b) Terrestrial,
OR-2-818625,Hieracium glomeratum,Queen Devil Hawkweed,,,,Plantae,Dicotyledoneae,Asteraceae,,http://newyork.plantatlas.usf.edu/Results.aspx?q=Hieracium+glomeratum,,PT,FALSE,,,,
OR-2-147535,Hieracium lachenalii,English Hawkweed,,,,Plantae,Dicotyledoneae,Asteraceae,http://www.kingcounty.gov/environment/animalsAndPlants/noxious-weeds/weed-identification/common-hawkweed.aspx,http://www.kingcounty.gov/environment/animalsAndPlants/noxious-weeds/weed-identification/common-hawkweed.aspx,,PT,FALSE,http://www.kingcounty.gov/environment/animalsAndPlants/noxious-weeds/weed-identification/~/media/environment/animalsAndPlants/noxious_weeds/imagesC/CommonHawkweed.ashx,a) Herbaceous,b) Terrestrial,
OR-2-158181,Hieracium pilosella,Mouse-ear Hawkweed,,,ODA List A,Plantae,Dicotyledoneae,Asteraceae,,http://newyork.plantatlas.usf.edu/Results.aspx?q=Hieracium+pilosella,,PT,TRUE,,a) Herbaceous,b) Terrestrial,
OR-2-140313,Hieracium piloselloides,Tall Hawkweed,,,ODA List A,Plantae,Dicotyledoneae,Asteraceae,,http://newyork.plantatlas.usf.edu/Results.aspx?q=Hieracium+piloselloides,,PT,TRUE,,a) Herbaceous,b) Terrestrial,
OR-2-152834,Hieracium sabaudum,European hawkweed,,,,Plantae,Dicotyledoneae,Asteraceae,,http://newyork.plantatlas.usf.edu/Results.aspx?q=Hieracium+sabaudum,,PT,FALSE,,a) Herbaceous,,
OR-2-161744,Hieracium x floribundum,Yellow Hawkweed,,,ODA List A,Plantae,Dicotyledoneae,Asteraceae,,http://newyork.plantatlas.usf.edu/Results.aspx?q=Hieracium+x+floribundum,,PT,TRUE,,a) Herbaceous,b) Terrestrial,
OR-2-151209,Holcus lanatus,Common Velvetgrass,,,,Plantae,Monocotyledoneae,Poaceae,,http://web.pdx.edu/~maserj/ESR410/holcus~1.html,,PT,FALSE,,a) Herbaceous,b) Terrestrial,
OR-2-136686,Hyacinthoides hispanica,Spanish-bluebell,,,,Plantae,Monocotyledoneae,Liliaceae,,http://newyork.plantatlas.usf.edu/Results.aspx?q=Hyacinthoides+hispanica,,PT,FALSE,http://upload.wikimedia.org/wikipedia/commons/d/d9/Hyacinthoides_hispanica_001.JPG,a) Herbaceous,b) Terrestrial,
OR-2-159017,Hydrilla verticillata,Hydrilla,,,ODA List A,Plantae,Monocotyledoneae,Hydrocharitaceae,http://plants.usda.gov/java/profile?symbol=HYVE3,http://cms.oregon.gov/ODA/PLANT/weeds/Pages/profile_hydrilla.aspx,,PA,TRUE,http://www.invasive.org/images/384x256/2122079.jpg,,,
OR-2-860002,Hylurgus ligniperda,Redhaired Pine Bark Beetle,,,,Animalia,Insecta,Curculionidae,http://na.fs.fed.us/spfo/pubs/pest_al/redahaired/red_haired_bark_beetle.pdf,http://newyork.plantatlas.usf.edu/Results.aspx?q=Hylurgus+ligniperda,,I,FALSE,http://upload.wikimedia.org/wikipedia/commons/b/b2/Hylurgus_ligniperda.jpg,,,
OR-2-159180,Hyoscyamus niger,Black Henbane,,,,Plantae,Dicotyledoneae,Solanaceae,,http://newyork.plantatlas.usf.edu/Results.aspx?q=Hyoscyamus+niger,,PT,FALSE,,a) Herbaceous,,
OR-2-153959,Hypericum perforatum,St. John's Wort,,,ODA List B,Plantae,Dicotyledoneae,Clusiaceae,,http://cms.oregon.gov/ODA/PLANT/WEEDS/Pages/profile_stjohnswort.aspx,,PT,TRUE,,,,
OR-2-104990,Ictalurus furcatus,Blue Catfish,NAS tracked species,,,Animalia,Actinopterygii,Ictaluridae,http://nas.er.usgs.gov/queries/FactSheet.aspx?speciesID=740,http://nas.er.usgs.gov/queries/FactSheet.aspx?speciesID=740,,AA,FALSE,http://upload.wikimedia.org/wikipedia/commons/4/4b/Blue_catfish.jpg,a) Aquatic,,
OR-2-106404,Ictalurus punctatus,Channel Catfish,NAS tracked species,,,Animalia,Actinopterygii,Ictaluridae,http://nas.er.usgs.gov/queries/factsheet.aspx?SpeciesID=2341,http://nas.er.usgs.gov/queries/factsheet.aspx?SpeciesID=2341,,AA,FALSE,http://upload.wikimedia.org/wikipedia/commons/9/9c/Ictalurus_punctatus_1.jpg,a) Aquatic,,
OR-2-131239,Ilex aquifolium,English Holly,,,,Plantae,Dicotyledoneae,Aquifoliaceae,,http://www.kingcounty.gov/environment/animalsAndPlants/noxious-weeds/weed-identification/english-holly.aspx,,PT,FALSE,,,,
OR-2-160861,Impatiens balfourii,Balfour's Touch-me-not,"requested by Dominic Maze, City of Portland BES",,,Plantae,Dicotyledoneae,Balsaminaceae,,http://www.q-bank.eu/Plants/BioloMICS.aspx?Table=Plants%20-%20Species&Rec=989&Fields=All,,PT,FALSE,http://calphotos.berkeley.edu/imgs/512x768/0000_0000/0406/0097.jpeg,a) Herbaceous,,
OR-2-130664,Impatiens capensis,Orange Jewelweed,,,Recommended by Dominic Maze,Plantae,Dicotyledoneae,Balsaminaceae,http://www.cas.vanderbilt.edu/bioimages/species/imca.htm,http://www.jstor.org/stable/20063879,http://bomi.ou.edu/ben/408/impatiens_figures_408.pdf,PT,FALSE,http://upload.wikimedia.org/wikipedia/commons/d/d5/Potapsco_fg13.jpg,a) Herbaceous,,
OR-2-135654,Impatiens glandulifera,Policemen's Helmet,,,ODA List B,Plantae,Dicotyledoneae,Balsaminaceae,,http://cms.oregon.gov/ODA/PLANT/WEEDS/Pages/profile_policemanshelmet.aspx,,PT,TRUE,,a) Herbaceous,,
OR-2-859082,Ips typographus,European Spruce Bark Beetle,,,OISC 100 Worst Invaders,Animalia,Insecta,Curculionidae,,http://www.issg.org/database/species/ecology.asp?si=1441&fr=1&sts=sss&lang=EN ,http://spfnic.fs.fed.us/exfor/data/pestreports.cfm?pestidval=58&langdisplay=english,I,FALSE,,b) Terrestrial,,
OR-2-149941,Iris pseudacorus,Yellow Flag Iris,,,ODA List B,Plantae,Monocotyledoneae,Iridaceae,,http://cms.oregon.gov/ODA/PLANT/WEEDS/Pages/profile_yflagiris.aspx,,PT,TRUE,,a) Herbaceous,a) Aquatic,
OR-2-138895,Isatis tinctoria,Dyer's Woad,,,ODA List B,Plantae,Dicotyledoneae,Brassicaceae,,http://cms.oregon.gov/ODA/PLANT/WEEDS/Pages/profile_dyerswoad.aspx,,PT,TRUE,,b) Terrestrial,,
OR-2-161238,Lamiastrum galeobdolon,Yellow Arch-angel,,,ODA List B,Plantae,Dicotyledoneae,Lamiaceae,,http://cms.oregon.gov/ODA/PLANT/WEEDS/pages/profile_yellowarchangel.aspx,,PT,TRUE,http://upload.wikimedia.org/wikipedia/commons/9/95/Lamiastrum_galeobdolon_gele_dovenetel.JPG,a) Herbaceous,b) Terrestrial,
OR-2-132581,Lathyrus latifolius,Perennial Peavine,,,ODA List B,Plantae,Dicotyledoneae,Fabaceae,,http://cms.oregon.gov/ODA/PLANT/WEEDS/pages/profile_perennialpeavine.aspx,,PT,TRUE,,a) Herbaceous,b) Terrestrial,
OR-2-153656,Laurus nobilis,"Laurel, Sweet Bay",,,,Plantae,Dicotyledoneae,Lauraceae,,http://newyork.plantatlas.usf.edu/Results.aspx?q=Laurus+nobilis,,PT,FALSE,http://upload.wikimedia.org/wikipedia/commons/0/0b/Laurus_nobilis_flowers.jpg,c) Tree,b) Terrestrial,
OR-2-149719,Lepidium latifolium,Perennial Pepperweed,,,ODA List B,Plantae,Dicotyledoneae,Brassicaceae,,http://cms.oregon.gov/ODA/PLANT/WEEDS/Pages/profile_perennialpepperweed.aspx,,PT,TRUE,,a) Herbaceous,b) Terrestrial,
OR-2-155989,Lepidium pubescens,Hairy Whitetop,,,ODA List B,Plantae,Dicotyledoneae,Brassicaceae,,http://www.oregon.gov/ODA/PLANT/WEEDS/profile_hairywhitetop.shtml,,PT,TRUE,http://upload.wikimedia.org/wikipedia/commons/b/bb/Lepidium_virginicum_var_pubescens_3.jpg,a) Herbaceous,b) Terrestrial,
OR-2-103917,Lepomis cyanellus,Green Sunfish,NAS tracked species,,,Animalia,Actinopterygii,Centrarchidae,http://nas.er.usgs.gov/queries/FactSheet.aspx?speciesID=380,http://nas.er.usgs.gov/queries/FactSheet.aspx?speciesID=380,,AA,FALSE,http://upload.wikimedia.org/wikipedia/commons/8/8c/Lepomis_cyanellis.jpg,a) Aquatic,,
OR-2-105048,Lepomis gibbosus,Pumpkinseed,NAS tracked species,,,Animalia,Actinopterygii,Centrarchidae,http://nas.er.usgs.gov/queries/factsheet.aspx?SpeciesID=382,http://nas.er.usgs.gov/queries/factsheet.aspx?SpeciesID=382,,AA,FALSE,http://upload.wikimedia.org/wikipedia/commons/4/40/Lepomis_gibbosus.jpg,a) Aquatic,,
OR-2-102803,Lepomis gulosus,Warmouth,NAS tracked species,,,Animalia,Actinopterygii,Centrarchidae,http://nas.er.usgs.gov/queries/factsheet.aspx?SpeciesID=376,http://nas.er.usgs.gov/queries/factsheet.aspx?SpeciesID=376,,AA,FALSE,http://upload.wikimedia.org/wikipedia/commons/0/0a/Chaenobryttus_gulosus_2.jpg,a) Aquatic,,
OR-2-101764,Lepomis macrochirus,Bluegill,NAS tracked species,,,Animalia,Actinopterygii,Centrarchidae,http://nas.er.usgs.gov/queries/factsheet.aspx?SpeciesID=385,http://nas.er.usgs.gov/queries/factsheet.aspx?SpeciesID=385,,AA,FALSE,http://upload.wikimedia.org/wikipedia/commons/d/d2/Bluegill_%28Lepomis_macrochirus%29.jpg,a) Aquatic,,
OR-2-100707,Lepomis microlophus,Redear Sunfish,NAS tracked species,,,Animalia,Actinopterygii,Centrarchidae,http://nas.er.usgs.gov/queries/factsheet.aspx?SpeciesID=390,http://nas.er.usgs.gov/queries/factsheet.aspx?SpeciesID=390,,AA,FALSE,http://upload.wikimedia.org/wikipedia/commons/3/36/Redearsunfishnctc.jpg,a) Aquatic,,
OR-2-150433,Leucanthemum vulgare,Oxeye Daisy,,,,Plantae,Dicotyledoneae,Asteraceae,,http://newyork.plantatlas.usf.edu/Results.aspx?q=Leucanthemum+vulgare,,PT,FALSE,,,,
OR-2-877201,Limnoithona tetraspina,Copepod,NAS species,,,Animalia,Maxillopoda,Oithonidae,http://nas.er.usgs.gov/queries/FactSheet.aspx?speciesID=172,http://nas.er.usgs.gov/queries/FactSheet.aspx?speciesID=172,,AA,FALSE,,a) Aquatic,,
OR-2-128504,Linaria dalmatica,Dalmatian Toadflax,,,ODA List B,Plantae,Dicotyledoneae,Scrophulariaceae,,http://cms.oregon.gov/ODA/PLANT/WEEDS/Pages/profile_dalmatiantoadflax.aspx,,PT,TRUE,,a) Herbaceous,b) Terrestrial,
OR-2-142350,Linaria dalmatica ssp. dalmatica,Dalmatian Toadflax (subspecies),,,ODA List B,Plantae,Dicotyledoneae,Scrophulariaceae,,http://newyork.plantatlas.usf.edu/Results.aspx?q=Linaria+dalmatica+ssp.+dalmatica,,PT,TRUE,,a) Herbaceous,b) Terrestrial,
OR-2-143356,Linaria vulgaris,Butter-and-eggs,,,ODA List B,Plantae,Dicotyledoneae,Scrophulariaceae,,http://cms.oregon.gov/ODA/PLANT/WEEDS/Pages/profile_yellowtoadflax.aspx,,PT,TRUE,,,,
OR-2-858912,Linepithema humile,Argentine Ant,,,OISC 100 Worst Invaders,Animalia,Insecta,Formicidae,,http://www.issg.org/database/species/ecology.asp?fr=1&si=127,,I,FALSE,,b) Terrestrial,,
OR-2-105926,Lithobates catesbeianus,Bullfrog,,,"ODFW regulated, sale prohibited, release prohibited.",Animalia,Amphibia,Ranidae,http://www.dfw.state.or.us/conservationstrategy/invasive_species/docs/bullfrog_fact_sheet.pdf,http://www.dfw.state.or.us/conservationstrategy/invasive_species/docs/bullfrog_fact_sheet.pdf,,AA,TRUE,,a) Aquatic,,
OR-2-160883,Lotus corniculatus,Garden Bird's-foot-trefoil,,,,Plantae,Dicotyledoneae,Fabaceae,,http://newyork.plantatlas.usf.edu/Results.aspx?q=Lotus+corniculatus,,PT,FALSE,,a) Herbaceous,b) Terrestrial,
OR-2-105897,Lucania parva,Rainwater Killifish,NAS tracked species,,,Animalia,Actinopterygii,Cyprinodontiformes,http://nas.er.usgs.gov/queries/factsheet.aspx?SpeciesID=697,http://nas.er.usgs.gov/queries/factsheet.aspx?SpeciesID=697,,AA,FALSE,http://upload.wikimedia.org/wikipedia/commons/6/66/Lucania_parva.jpg,a) Aquatic,,
OR-2-141235,Ludwigia grandiflora,Large-flower Primrose-willow,NatureServe sees L. hexapetala as syn. of L. grandiflora. OFP uses L. hexapetala.,,ODA List B,Plantae,Dicotyledoneae,Onagraceae,,http://newyork.plantatlas.usf.edu/Results.aspx?q=Ludwigia+grandiflora,,PA,TRUE,http://upload.wikimedia.org/wikipedia/commons/1/14/Ludwigia_grandiflora_subsp._grandiflora.JPG,a) Herbaceous,a) Aquatic,
OR-2-129527,Ludwigia peploides,Floating Primrose-willow,BES tracked species,,,Plantae,Dicotyledoneae,Onagraceae,http://nas.er.usgs.gov/queries/factsheet.aspx?SpeciesID=2808,http://newyork.plantatlas.usf.edu/Results.aspx?q=Ludwigia+peploides,,PA,FALSE,http://commons.wikimedia.org/wiki/File:Ludwigia_peploides_2.JPG,a) Herbaceous,,
OR-2-IMAP8,Ludwigia spp. (species unknown),"Primrose-willow, Water Primrose (species uncertain)",,,ODA List B,Plantae,Dicotyledoneae,Onagraceae,http://plants.usda.gov/core/profile?symbol=LUDWI,http://www.oregon.gov/ODA/PLANT/WEEDS/pages/weed_waterprimrose.aspx,,PA,FALSE,,a) Herbaceous,a) Aquatic,
OR-2-117138,Lymantria dispar,Gypsy Moth,includes Asian Gypsy Moth,,OISC 100 Worst Invaders,Animalia,Insecta,Erebidae,,http://oregon.gov/ODA/PLANT/IPPM/gm_alert.shtml,,I,FALSE,http://upload.wikimedia.org/wikipedia/commons/8/81/Lymantria_dispar.jpg,b) Terrestrial,,
OR-2-859088,Lymantria mathura,Rosy Gypsy Moth,,,OISC 100 Worst Invaders,Animalia,Insecta,Lymantridae,,http://www.aphis.usda.gov/plant_health/plant_pest_info/pest_detection/downloads/pra/lmathurapra.pdf,,I,FALSE,,b) Terrestrial,,
OR-2-859091,Lymantria monacha,Nun Moth,,,OISC 100 Worst Invaders,Animalia,Insecta,Lymantridae,,http://www.treesearch.fs.fed.us/pubs/24317,,I,FALSE,,b) Terrestrial,,
OR-2-146072,Lysimachia nummularia,Creeping Jenny,,,,Plantae,Dicotyledoneae,Primulaceae,http://plants.usda.gov/java/profile?symbol=LYNU,http://newyork.plantatlas.usf.edu/Results.aspx?q=Lysimachia+nummularia,,PT,FALSE,http://www.invasive.org/species/subject.cfm?sub=5975,a) Herbaceous,,
OR-2-158816,Lysimachia vulgaris,Garden Loosestrife,NAS tracked species,,,Plantae,Dicotyledoneae,Primulaceae,http://plants.usda.gov/java/profile?symbol=LYVU,http://newyork.plantatlas.usf.edu/Results.aspx?q=Lysimachia+vulgaris,,PT,FALSE,http://www.invasive.org/species/subject.cfm?sub=5983,,,
OR-2-160902,Lythrum salicaria,Purple Loosestrife,,,ODA List B,Plantae,Dicotyledoneae,Lythraceae,,http://cms.oregon.gov/ODA/plant/weeds/Pages/profile_purpleloosestrife.aspx,,PT,TRUE,,a) Herbaceous,"d) Wetland, fresh",
OR-2-149851,Lythrum virgatum,European Wand Loosestrife,,,,Plantae,Dicotyledoneae,Lythraceae,,http://newyork.plantatlas.usf.edu/Results.aspx?q=Lythrum+virgatum,,PT,FALSE,http://upload.wikimedia.org/wikipedia/commons/1/13/Lythrum_virgatum_RB2.JPG,,,
OR-2-877190,Manayunkia aestuarina,Estuarine Fanworm,NAS species,,,Animalia,Polychaeta,Sabellidae,,http://www.europe-aliens.org/speciesFactsheet.do?speciesId=50180#,,AA,FALSE,,a) Aquatic,,
OR-2-794175,Manayunkia speciosa,A Sabellid Worm,NAS tracked species,,,Animalia,Polychaeta,Sabellidae,http://nas.er.usgs.gov/queries/factsheet.aspx?SpeciesID=1169,http://nas.er.usgs.gov/queries/factsheet.aspx?SpeciesID=1169,www.glsc.usgs.gov/node/139321,AA,FALSE,,a) Aquatic,,
OR-2-114386,Melanoides tuberculatus,Red-rim Melania,,,,Animalia,Gastropoda,Thiaridae,http://nas.er.usgs.gov/queries/FactSheet.aspx?SpeciesID=1037,http://newyork.plantatlas.usf.edu/Results.aspx?q=Melanoides+tuberculatus,,AA,FALSE,http://nas.er.usgs.gov/XIMAGESERVERX/2005/20051118120138.jpg,,,
OR-2-877173,Melita nitida,Amphipod,NAS species,,,Animalia,Malacostraca,Melitidae,,http://bcbiodiversity.lifedesks.org/pages/19651,,AA,FALSE,,a) Aquatic,,
OR-2-147699,Mentha aquatica,Water Mint,NAS tracked species,,,Plantae,Dicotyledoneae,Lamiaceae,,http://newyork.plantatlas.usf.edu/Results.aspx?q=Mentha+aquatica,,PT,FALSE,http://upload.wikimedia.org/wikipedia/commons/c/c9/Mentha_aquatica_003.JPG,a) Herbaceous,,
OR-2-157645,Mentha spicata,Spearmint,NAS tracked species,,,Plantae,Dicotyledoneae,Lamiaceae,http://plants.usda.gov/java/profile?symbol=MESP3,http://newyork.plantatlas.usf.edu/Results.aspx?q=Mentha+spicata,,PT,FALSE,http://www.invasive.org/browse/detail.cfm?imgnum=5387436,a) Herbaceous,,
OR-2-104786,Micropterus dolomieu,Smallmouth Bass,NAS tracked species,,,Animalia,Actinopterygii,Centrarchidae,http://nas.er.usgs.gov/queries/factsheet.aspx?SpeciesID=396,http://nas.er.usgs.gov/queries/factsheet.aspx?SpeciesID=396,,AA,FALSE,http://upload.wikimedia.org/wikipedia/commons/6/62/Micropterus_dolomieu.jpg,a) Aquatic,,
OR-2-101622,Micropterus salmoides,Largemouth Bass,NAS tracked species,,,Animalia,Actinoptergii,Centrarchidae,http://nas.er.usgs.gov/queries/factsheet.aspx?SpeciesID=401,http://nas.er.usgs.gov/queries/factsheet.aspx?SpeciesID=401,,AA,FALSE,http://upload.wikimedia.org/wikipedia/commons/c/cc/Largemouth_Bass_001.jpg,a) Aquatic,,
OR-2-145169,Mirabilis nyctaginea,Heartleaf Four-O'Clock,,,,Plantae,Dicotyledoneae,Nyctaginacea,,http://newyork.plantatlas.usf.edu/Results.aspx?q=Mirabilis+nyctaginea,,PT,FALSE,,a) Herbaceous,,
OR-2-104103,Misgurnus anguillicaudatus,Oriental Weatherfish,,,,Animalia,Actinopterygii,Cobitidae,,http://nas.er.usgs.gov/queries/factsheet.aspx?SpeciesID=498,,AA,FALSE,,,,
OR-2-859999,Monsoma pulveratum,Green Alder Sawfly,,,,Animalia,Insecta,Tenthredinidae,http://www.fs.fed.us/r10/spf/fhp/pubs/MonosomaPestAlert.pdf,http://oregonstate.edu/dept/nurspest/GAS-R6Summary2010April28.pdf,,I,FALSE,http://bugguide.net/node/view/384496,,,
OR-2-104731,Morone saxatilis,Striped Bass,NAS tracked species,,,Animalia,Actinopterygii,Moronidae,http://nas.er.usgs.gov/queries/FactSheet.aspx?speciesID=787,http://nas.er.usgs.gov/queries/FactSheet.aspx?speciesID=787,,AA,FALSE,http://upload.wikimedia.org/wikipedia/commons/9/9f/Striped_bass_FWS_1.jpg,a) Aquatic,,
OR-2-133770,Murdannia keisak,Marsh Dewflower,,,,Plantae,Monocotyledoneae,Commelinaceae,,http://newyork.plantatlas.usf.edu/Results.aspx?q=Murdannia+keisak,,PT,FALSE,http://upload.wikimedia.org/wikipedia/commons/9/9f/Murdannia_keisak.jpg,a) Herbaceous,,
OR-2-102549,Myocastor coypus,"Coypu, Nutria",,,Oregon Administrative Rules [OAR] 635-056-0050,Animalia,Mammalia,Myocastoridae,,http://www.dfw.state.or.us/wildlife/living_with/nutria.asp,,AT,TRUE,,,,
OR-2-145707,Myosotis scorpioides,True Forget-me-not,NAS tracked species,,,Plantae,Dicotyledoneae,Boraginaceae,http://plants.usda.gov/java/profile?symbol=MYSC,http://web.pdx.edu/~maserj/ESR410/myosot~1.html,,PT,FALSE,http://www.invasive.org/species/subject.cfm?sub=6071,a) Herbaceous,,
OR-2-150803,Myriophyllum aquaticum,Parrot Feather Water-Milfoil,,,ODA List B,Plantae,Dicotyledoneae,Haloragaceae,http://plants.usda.gov/java/profile?symbol=MYAQ2,http://cms.oregon.gov/oda/plant/weeds/Pages/profile_parrotsfeather.aspx,,PA,TRUE,http://www.invasive.org/images/384x256/2132070.jpg,a) Herbaceous,a) Aquatic,
OR-2-159460,Myriophyllum spicatum,Eurasian Water-milfoil,,,ODA List B,Plantae,Dicotyledoneae,Haloragaceae,http://plants.usda.gov/java/profile?symbol=MYSP2,http://cms.oregon.gov/ODA/PLANT/weeds/Pages/profile_eurasianwatermilfoil.aspx,,PA,TRUE,http://www.invasive.org/images/768x512/5240027.jpg,a) Herbaceous,a) Aquatic,
OR-2-156427,Nardus stricta,Moor Matgrass,,,ODA List A,Plantae,Monocotyledoneae,Poaceae,,http://cms.oregon.gov/ODA/PLANT/WEEDS/pages/profile_matgrass.aspx,,PT,TRUE,http://upload.wikimedia.org/wikipedia/commons/7/76/Nardus_stricta_kz1.jpg,a) Herbaceous,,
OR-2-154097,Nasturtium officinale,Watercress,NAS tracked species,,,Plantae,Dicotyledoneae,Brassicaceae,http://plants.usda.gov/java/profile?symbol=NAOF,http://newyork.plantatlas.usf.edu/Results.aspx?q=Nasturtium+officinale,,PA,FALSE,http://www.invasive.org/species/subject.cfm?sub=14217,a) Herbaceous,,
OR-2-859137,Nebria brevicollis,A Carabid Beetle,,,,Animalia,Insecta,Carabidae,,http://www.eol.org/pages/129750,,I,FALSE,,b) Terrestrial,,
OR-2-103602,Notemigonus crysoleucas,Golden Shiner,NAS tracked species,,,Animalia,Actinopterygii,Cyprinidae,http://nas.er.usgs.gov/queries/factsheet.aspx?SpeciesID=579,http://nas.er.usgs.gov/queries/factsheet.aspx?SpeciesID=579,,AA,FALSE,http://upload.wikimedia.org/wikipedia/commons/2/22/Notemigonus_crysoleucas-1.jpg,a) Aquatic,,
OR-2-104908,Noturus gyrinus,Tadpole Madtom,NAS tracked species,,,Animalia,Actinopterygii,Ictaluridae,http://nas.er.usgs.gov/queries/FactSheet.aspx?SpeciesID=747,http://nas.er.usgs.gov/queries/FactSheet.aspx?SpeciesID=747,,AA,FALSE,http://upload.wikimedia.org/wikipedia/commons/d/dd/Tadpole_madtom.jpg,a) Aquatic,,
OR-2-149765,Nymphaea odorata,American Water-lily,NAS tracked species,,,Plantae,Dicotyledoneae,Nymphaeaceae,http://nas.er.usgs.gov/queries/factsheet.aspx?SpeciesID=251,http://newyork.plantatlas.usf.edu/Results.aspx?q=Nymphaea+odorata,,PA,FALSE,http://upload.wikimedia.org/wikipedia/commons/7/71/Nymphaea_odorata0.jpg,a) Herbaceous,a) Aquatic,
OR-2-139738,Nymphoides peltata,Yellow Floatingheart,,,ODA List A,Plantae,Dicotyledoneae,Menyanthaceae,http://plants.usda.gov/java/profile?symbol=NYPE,http://cms.oregon.gov/ODA/plant/weeds/Pages/profile_yfloatingheart.aspx,,PA,TRUE,http://www.invasive.org/images/384x256/5424215.jpg,a) Herbaceous,a) Aquatic,
OR-2-101620,Oncorhynchus mykiss aguabonita,California Golden Trout,NAS tracked species,,,Animalia,Actinopterygii,Salmonidae,http://nas.er.usgs.gov/queries/factsheet.aspx?SpeciesID=889,http://nas.er.usgs.gov/queries/factsheet.aspx?SpeciesID=889,,AA,FALSE,http://upload.wikimedia.org/wikipedia/commons/3/31/Goldentroutwiki.jpg,a) Aquatic,,
OR-2-136013,Onopordum acanthium,Scotch Cotton-thistle,,,ODA List B,Plantae,Dicotyledoneae,Asteraceae,,http://cms.oregon.gov/ODA/PLANT/weeds/Pages/profile_scotchthistle.aspx,,PT,TRUE,,a) Herbaceous,,
OR-2-807255,Onopordum acanthium ssp. acanthium,Scotch Cotton-thistle (subspecies),,ODA tracks full species,ODA List B,Plantae,Magnoliopsida,Asteraceae,,http://newyork.plantatlas.usf.edu/Results.aspx?q=Onopordum+acanthium+ssp.+acanthium,,PT,TRUE,,a) Herbaceous,b) Terrestrial,
OR-2-860106,Onopordum illyricum,Illyrian Cotton-Thistle,,,,,,,,http://newyork.plantatlas.usf.edu/Results.aspx?q=Onopordum+illyricum,,PT,FALSE,,a) Herbaceous,b) Terrestrial,
OR-2-160903,Onopordum tauricum,Taurian Thistle,,,ODA List A,Plantae,Dicotyledoneae,Asteraceae,,http://cms.oregon.gov/ODA/plant/weeds/Pages/profile_taurianthistle.aspx,,PT,TRUE,,a) Herbaceous,b) Terrestrial,
OR-2-119078,Orconectes neglectus,Ringed Crayfish,,,ODFW Prohibited,Animalia,Malacostraca,Cambaridae,,http://nas.er.usgs.gov/queries/FactSheet.aspx?speciesID=2267,,AA,TRUE,,a) Aquatic,,
OR-2-117283,Orconectes rusticus,Rusty Crayfish,,,ODFW Prohibited,Animalia,Malacostraca,Cambaridae,http://nas.er.usgs.gov/queries/FactSheet.aspx?SpeciesID=214,http://cms.oregon.gov/oisc/docs/pdf/rusty_crayfish_ra.pdf,,AA,TRUE,http://nas.er.usgs.gov/XIMAGESERVERX/2005/20051115130334.JPG,a) Aquatic,,
OR-2-130811,Ornithogalum umbellatum,Common Star-of-bethlehem,,,,Plantae,Monocotyledoneae,Liliaceae,http://plants.usda.gov/java/profile?symbol=ORUM,http://newyork.plantatlas.usf.edu/Results.aspx?q=Ornithogalum+umbellatum,,PT,FALSE,http://www.invasive.org/species/subject.cfm?sub=6109,a) Herbaceous,b) Terrestrial,
OR-2-157571,Orobanche cooperi,Desert Broomrape,,,,Plantae,Dicotyledoneae,Orobanchaceae,,http://newyork.plantatlas.usf.edu/Results.aspx?q=Orobanche+cooperi,,PT,FALSE,,a) Herbaceous,,
OR-2-152005,Orobanche minor,Clover Broomrape,,ODA: Orabanche minor,ODA List B,Plantae,Dicotyledoneae,Orobanchaceae,,http://cms.oregon.gov/oda/plant/weeds/Pages/profile_smallbroomrape.aspx,,PT,TRUE,http://upload.wikimedia.org/wikipedia/commons/0/03/Orobanche_minor_var._minor.JPG,a) Herbaceous,b) Terrestrial,
OR-2-132963,Orobanche ramosa,Branched Broomrape,,,,Plantae,Dicotyledoneae,Orobanchaceae,,http://newyork.plantatlas.usf.edu/Results.aspx?q=Orobanche+ramosa,,PT,FALSE,,,,
OR-2-859961,Orthotomicus erosus,Mediterranean Pine Engraver Beetle ,,,,Animalia,Insecta,Curculionidae,http://nrs.fs.fed.us/pubs/jrnl2004/nc_2004_Haack_001.pdf,http://newyork.plantatlas.usf.edu/Results.aspx?q=Orthotomicus+erosus,,I,FALSE,http://www.forestryimages.org/browse/subthum.cfm?sub=4071,,,
OR-2-119999,Ostrinia nubilalis,European Corn Borer,,,,Animalia,Insecta,Pyralidae,,http://newyork.plantatlas.usf.edu/Results.aspx?q=Ostrinia+nubilalis,,I,FALSE,,,,
OR-2-154524,Parthenocissus tricuspidata,Boston-ivy,,,,Plantae,Dicotyledoneae,Vitaceae,,http://newyork.plantatlas.usf.edu/Results.aspx?q=Parthenocissus+tricuspidata,,PT,FALSE,http://upload.wikimedia.org/wikipedia/commons/2/2c/Vigne_vierge_%28Parthenocissus_tricuspidata%29.jpg,d) Vine,b) Terrestrial,
OR-2-115490,Pectinatella magnifica,A Freshwater Bryozoan,NAS tracked species,,,Animalia,Phylactolaemata,Pectinatellidae,http://nas.er.usgs.gov/queries/factsheet.aspx?SpeciesID=2335,http://nas.er.usgs.gov/queries/factsheet.aspx?SpeciesID=2335,,AA,FALSE,http://upload.wikimedia.org/wikipedia/commons/c/c5/Pectinatella_magnifica_8568.jpg,a) Aquatic,,
OR-2-135419,Peganum harmala,Harmel Peganum,,,ODA List A,Plantae,Dicotyledoneae,Zygophyllaceae,,http://cms.oregon.gov/oda/plant/weeds/Pages/profile_africanrue.aspx,,PT,TRUE,,a) Herbaceous,b) Terrestrial,
OR-2-148933,Pennisetum setaceum,Crimson Fountain Grass,,,,Plantae,Monocotyledoneae,Poaceae,,http://newyork.plantatlas.usf.edu/Results.aspx?q=Pennisetum+setaceum,,PT,FALSE,,a) Herbaceous,,
OR-2-145412,Pentaglottis sempervirens,Evergreen Bugloss,,,,Plantae,Dicotyledoneae,Boraginaceae,,http://newyork.plantatlas.usf.edu/Results.aspx?q=Pentaglottis+sempervirens,,PT,FALSE,http://upload.wikimedia.org/wikipedia/commons/2/23/Pentaglottis_sempervirens.jpg,a) Herbaceous,,
OR-2-102985,Perca flavescens,Yellow Perch,NAS tracked species,,,Animalia,Actinopterygii,Percidae,http://nas.er.usgs.gov/queries/factsheet.aspx?SpeciesID=820,http://nas.er.usgs.gov/queries/factsheet.aspx?SpeciesID=820,,AA,FALSE,http://upload.wikimedia.org/wikipedia/commons/7/7f/YellowPerch.jpg,a) Aquatic,,
OR-2-133899,Petasites japonicus,Japanese Butter-bur,,,,Plantae,Dicotyledoneae,Asteraceae,,http://newyork.plantatlas.usf.edu/Results.aspx?q=Petasites+japonicus,,PT,FALSE,,a) Herbaceous,b) Terrestrial,
OR-2-156564,Phalaris aquatica,Harding Grass,,,,Plantae,Monocotyledoneae,Poaceae,,http://www.cal-ipc.org/ip/management/plant_profiles/Phalaris_aquatica.php,,PT,FALSE,http://upload.wikimedia.org/wikipedia/commons/8/87/Phalaris_aquatica.jpg,,,
OR-2-159238,Phalaris arundinacea,Reed Canarygrass,,,,Plantae,,,,http://www.invasive.org/gist/moredocs/phaaru01.pdf,,PT,FALSE,,a) Herbaceous,,
OR-2-800788,Phragmites australis ssp. australis,Common Reed,,,ODA List A,Plantae,Monocotyledoneae,Poaceae,,http://cms.oregon.gov/ODA/PLANT/WEEDS/pages/profile_commonreed.aspx,,PT,TRUE,,a) Herbaceous,,
OR-2-131305,Physalis longifolia var. longifolia,Longleaf Ground-cherry,,,,Plantae,Dicotyledoneae,Solanaceae,,http://newyork.plantatlas.usf.edu/Results.aspx?q=Physalis+longifolia+var.+longifolia,,PT,FALSE,,,,
OR-2-132235,Phytolacca americana,American Pokeweed,,,,Plantae,Dicotyledoneae,Phytolaccaceae,,http://newyork.plantatlas.usf.edu/Results.aspx?q=Phytolacca+americana,,PT,FALSE,,a) Herbaceous,b) Terrestrial,
OR-2-105008,Piaractus brachypomus,Redbellied Pacu,NAS species,,,Animalia,Actinopterygii,Characidae,http://nas.er.usgs.gov/queries/FactSheet.aspx?SpeciesID=427,,,AA,FALSE,http://nas.er.usgs.gov/XIMAGESERVERX/2005/20051101121443.jpg,a) Aquatic,,
OR-2-875758,Piaractus mesopotamicus,Small-scaled Pacu,NAS species,,,Animalia,Actinopterygii,Characidae,,http://nas.er.usgs.gov/queries/FactSheet.aspx?speciesID=428,,AA,FALSE,,a) Aquatic,,
OR-2-102599,Pimephales promelas,Fathead Minnow,NAS tracked species,,,Animalia,Actinopterygii,Cyprinidae,http://nas.er.usgs.gov/queries/factsheet.aspx?SpeciesID=621,http://nas.er.usgs.gov/queries/factsheet.aspx?SpeciesID=621,,AA,FALSE,http://upload.wikimedia.org/wikipedia/commons/3/35/Pimephales_promelas.jpg,a) Aquatic,,
OR-2-137402,Poa trivialis,Scribner's Bluegrass,NAS tracked species,,,Plantae,Monocotyledoneae,Poaceae,,http://newyork.plantatlas.usf.edu/Results.aspx?q=Poa+trivialis,,PT,FALSE,http://upload.wikimedia.org/wikipedia/commons/4/46/Poa_trivialis_bloeiwijze.jpg,a) Herbaceous,,
OR-2-135872,Fallopia japonica,Japanese Knotweed,,,ODA List B,Plantae,Dicotyledoneae,Polygonaceae,,http://newyork.plantatlas.usf.edu/Results.aspx?q=Fallopia+japonica+var.+japonica,,PT,TRUE,,a) Herbaceous,b) Terrestrial,
OR-2-137974,Polygonum orientale,Kiss-me-over-the-garden-gate,,,,Plantae,Dicotyledoneae,Polygonaceae,,http://newyork.plantatlas.usf.edu/Results.aspx?q=Polygonum+orientale,,PT,FALSE,http://upload.wikimedia.org/wikipedia/commons/2/28/Polygonum_orientale1.jpg,,,
OR-2-151956,Polygonum persicaria,Lady's Thumb,NAS tracked species,,,Plantae,Dicotyledoneae,Polygonaceae,http://nas.er.usgs.gov/queries/factsheet.aspx?SpeciesID=2666,http://newyork.plantatlas.usf.edu/Results.aspx?q=Polygonum+persicaria,,PT,FALSE,http://upload.wikimedia.org/wikipedia/commons/a/ac/Polygonum_persicaria_fields.jpg,a) Herbaceous,b) Terrestrial,
OR-2-148595,Persicaria wallichii,Himalayan Knotweed,OFP=Persicaria wallichii,,ODA List B,Plantae,Dicotyledoneae,Polygonaceae,,http://cms.oregon.gov/ODA/PLANT/weeds/Pages/profile_himalayanknotweed.aspx,,PT,TRUE,http://upload.wikimedia.org/wikipedia/commons/4/4e/Persicaria_wallichii_20111008_115655.JPG,a) Herbaceous,,
OR-2-151038,Fallopia sachalinensis,Giant Knotweed,,,ODA List B,Plantae,Dicotyledoneae,Polygonaceae,,http://cms.oregon.gov/ODA/PLANT/WEEDS/Pages/profile_giantknotweed.aspx,,PT,TRUE,,a) Herbaceous,b) Terrestrial,
OR-2-106200,Pomoxis annularis,White Crappie,NAS tracked species,,,Animalia,Actinopterygii,Centrarchidae,http://nas.er.usgs.gov/queries/factsheet.aspx?SpeciesID=408,http://nas.er.usgs.gov/queries/factsheet.aspx?SpeciesID=408,,AA,FALSE,http://upload.wikimedia.org/wikipedia/commons/9/9d/White_Crappie.jpg,a) Aquatic,,
OR-2-103134,Pomoxis nigromaculatus,Black Crappie,NAS tracked species,,,Animalia,Actinopterygii,Centrarchidae,http://nas.er.usgs.gov/queries/factsheet.aspx?SpeciesID=409,http://nas.er.usgs.gov/queries/factsheet.aspx?SpeciesID=409,,AA,FALSE,http://upload.wikimedia.org/wikipedia/commons/4/4e/Pomoxis_nigromaculatus1.jpg,a) Aquatic,,
OR-2-130290,Pontederia cordata,Pickerelweed,NAS tracked species,,,Plantae,Monocotyledoneae,Pontederiaceae,http://nas.er.usgs.gov/queries/factsheet.aspx?SpeciesID=2796,http://newyork.plantatlas.usf.edu/Results.aspx?q=Pontederia+cordata,,PA,FALSE,http://upload.wikimedia.org/wikipedia/commons/4/4d/Pontederia_cordata_S.jpg,a) Herbaceous,a) Aquatic,
OR-2-747779,Popillia japonica,Japanese Beetle,,,,Animalia,Insecta,Scarabaeidae,,http://cms.oregon.gov/ODA/PLANT/IPPM/pages/jb_alert.aspx,,I,FALSE,,,,
OR-2-145742,Potamogeton crispus,Curly Pondweed,,,,Plantae,Monocotyledoneae,Potamogetonaceae,http://plants.usda.gov/java/profile?symbol=POCR3,http://newyork.plantatlas.usf.edu/Results.aspx?q=Potamogeton+crispus,,PA,FALSE,http://www.invasive.org/images/384x256/5243001.jpg,a) Herbaceous,a) Aquatic,
OR-2-116164,Potamopyrgus antipodarum,New Zealand Mudsnail,,,,Animalia,Gastropoda,Hydrobiidae,http://nas.er.usgs.gov/queries/FactSheet.aspx?SpeciesID=1008,,,AA,FALSE,http://www.invasive.org/browse/detail.cfm?imgnum=5425632,a) Aquatic,,
OR-2-149705,Potentilla recta,Sulphur Cinquefoil,,,ODA List B,Plantae,Dicotyledoneae,Rosaceae,,http://cms.oregon.gov/ODA/PLANT/WEEDS/pages/profile_sulfurcinquefoil.aspx,,PT,TRUE,http://www.invasive.org/browse/subinfo.cfm?sub=4431,a) Herbaceous,b) Terrestrial,
OR-2-11784,Procambarus clarkii,Red Swamp Crayfish,,,ODFW Prohibited,Animalia,Malacostraca,Cambaridae,,http://newyork.plantatlas.usf.edu/Results.aspx?q=Procambarus+clarkii,,AA,TRUE,,a) Aquatic,,
OR-2-155185,Prosopis strombulifera,Argentinian Screwbean,,,,Plantae,Dicotyledoneae,Fabaceae,,http://newyork.plantatlas.usf.edu/Results.aspx?q=Prosopis+strombulifera,,PT,FALSE,,b) Shrub,,
OR-2-137270,Prunus avium,Sweet Cherry,,,,Plantae,Dicotyledoneae,Rosaceae,http://plants.usda.gov/java/profile?symbol=PRAV,http://newyork.plantatlas.usf.edu/Results.aspx?q=Prunus+avium,,PT,FALSE,http://www.invasive.org/species/subject.cfm?sub=11572,c) Tree,b) Terrestrial,
OR-2-144986,Prunus laurocerasus,Common Cherry Laurel,,,,Plantae,Dicotyledoneae,Rosaceae,,http://www.kingcounty.gov/environment/animalsAndPlants/noxious-weeds/weed-identification/english-laurel.aspx,,PT,FALSE,http://upload.wikimedia.org/wikipedia/commons/5/54/Prunus_laurocerasus_Frucht.jpg,c) Tree,b) Terrestrial,
OR-2-134739,Prunus lusitanica,Portugal Laurel,,,,Plantae,Dicotyledoneae,Rosaceae,,http://newyork.plantatlas.usf.edu/Results.aspx?q=Prunus+lusitanica,,PT,FALSE,http://upload.wikimedia.org/wikipedia/commons/b/b0/Prunus_lusitanica_C4.jpg,c) Tree,b) Terrestrial,
OR-2-877204,Pseudodiaptomus forbesi,Calanoid Copepod,NAS species,,,Animalia,Maxillopoda,Pseudodiaptomidae,,http://nas.er.usgs.gov/queries/FactSheet.aspx?SpeciesID=175,,AA,FALSE,,a) Aquatic,,
OR-2-135219,Pueraria montana var. lobata,Kudzu,,,ODA List A,Plantae,Dicotyledoneae,Fabaceae,,http://newyork.plantatlas.usf.edu/Results.aspx?q=Pueraria+montana+var.+lobata,,PT,TRUE,,d) Vine,b) Terrestrial,
OR-2-105295,Pylodictis olivaris,Flathead Catfish,,,,Animalia,Actinopterygii,Ictaluridae,http://nas.er.usgs.gov/queries/factsheet.aspx?SpeciesID=750,http://newyork.plantatlas.usf.edu/Results.aspx?q=Pylodictis+olivaris,,AA,FALSE,http://upload.wikimedia.org/wikipedia/commons/8/84/Pylodictis_olivaris.jpg,,,
OR-2-153324,Ranunculus acris,Tall Buttercup,added for Wallowa Resources,,,Plantae,Dicotyledoneae,Ranunculaceae,http://www.kingcounty.gov/environment/animalsAndPlants/noxious-weeds/weed-identification/tall-buttercup.aspx,http://www.kingcounty.gov/environment/animalsAndPlants/noxious-weeds/weed-identification/tall-buttercup.aspx,,PT,FALSE,http://upload.wikimedia.org/wikipedia/commons/3/30/Miyama-kinpouge.jpg,a) Herbaceous,b) Terrestrial,
OR-2-160590,Ranunculus ficaria,Lesser Celadine,,,ODA List B,Plantae,Dicotyledoneae,Ranunculaceae,,http://newyork.plantatlas.usf.edu/Results.aspx?q=Ranunculus+ficaria,,PT,TRUE,,a) Herbaceous,,
OR-2-136133,Ranunculus repens,Creeping Buttercup,,,,Plantae,Dicotyledoneae,Ranunculaceae,,http://newyork.plantatlas.usf.edu/Results.aspx?q=Ranunculus+repens,,PT,FALSE,,a) Herbaceous,b) Terrestrial,
OR-2-146889,Rorippa austriaca,Austrian Yellowcress,,,,Plantae,Dicotyledoneae,Brassicaceae,,http://newyork.plantatlas.usf.edu/Results.aspx?q=Rorippa+austriaca,,PT,FALSE,,a) Herbaceous,,
OR-2-153174,Rorippa sylvestris,Creeping Yellowcress,,,ODA List B,Plantae,Dicotyledoneae,Brassicaceae,,http://cms.oregon.gov/ODA/PLANT/WEEDS/pages/profile_creepingyellowcress.aspx,,PT,TRUE,,a) Herbaceous,,
OR-2-129610,Rosa eglanteria,Sweetbrier,added for Wallowa Resources,,,Plantae,Dicotyledoneae,Rosaceae,http://plants.usda.gov/java/profile?symbol=ROEG,http://newyork.plantatlas.usf.edu/Results.aspx?q=Rosa+eglanteria,,PT,FALSE,http://www.invasive.org/images/384x256/5243100.jpg,b) Shrub,b) Terrestrial,
OR-2-129203,Rosa multiflora,Multiflora Rose,,,,Plantae,Dicotyledoneae,Rosaceae,http://plants.usda.gov/java/profile?symbol=ROMU,http://newyork.plantatlas.usf.edu/Results.aspx?q=Rosa+multiflora,,PT,FALSE,http://www.invasive.org/images/768x512/1380238.jpg,b) Shrub,b) Terrestrial,
OR-2-143930,Rubus armeniacus,Himalayan blackberry,,"Includes Rubus discolor, Rubus armeniacus",ODA List B,Plantae,Dicotyledoneae,Rosaceae,,http://cms.oregon.gov/ODA/PLANT/WEEDS/Pages/profile_himalayanblackberry.aspx,,PT,TRUE,,b) Shrub,b) Terrestrial,
OR-2-139797,Rubus laciniatus,Evergreen Blackberry,,,,Plantae,Dicotyledoneae,Rosaceae,,http://newyork.plantatlas.usf.edu/Results.aspx?q=Rubus+laciniatus,,PT,FALSE,,b) Shrub,b) Terrestrial,
OR-2-146680,Rumex obtusifolius,Bitter Dock,,,,Plantae,Dicotyledoneae,Polygonaceae,,http://newyork.plantatlas.usf.edu/Results.aspx?q=Rumex+obtusifolius,,PT,FALSE,,a) Herbaceous,,
OR-2-104403,Salmo salar,Atlantic Salmon,NAS tracked species,,,Animalia,Actinopterygii,Salmonidae,http://nas.er.usgs.gov/queries/factsheet.aspx?SpeciesID=926,http://nas.er.usgs.gov/queries/factsheet.aspx?SpeciesID=926,,AA,FALSE,http://upload.wikimedia.org/wikipedia/commons/2/24/Atlantischer_Lachs.jpg,a) Aquatic,,
OR-2-103603,Salmo trutta,Brown Trout,NAS tracked species,,,Animalia,Actinopterygii,Salmonidae,http://nas.er.usgs.gov/queries/FactSheet.aspx?SpeciesID=931,http://nas.er.usgs.gov/queries/FactSheet.aspx?SpeciesID=931,,AA,FALSE,http://upload.wikimedia.org/wikipedia/commons/2/2e/Salmo_trutta.jpg,a) Aquatic,,
OR-2-135905,Salsola vermiculata,Shrubby Russian-thistle,,,,Plantae,Dicotyledoneae,Chenopodiaceae,,http://newyork.plantatlas.usf.edu/Results.aspx?q=Salsola+vermiculata,,PT,FALSE,,b) Shrub,,
OR-2-103972,Salvelinus fontinalis,Brook Trout,NAS tracked species,,,Animalia,Actinopterygii,Salmonidae,http://nas.er.usgs.gov/queries/factsheet.aspx?SpeciesID=939,http://nas.er.usgs.gov/queries/factsheet.aspx?SpeciesID=939,,AA,FALSE,http://upload.wikimedia.org/wikipedia/commons/f/f9/Salvelinus_fontinalis.jpg,a) Aquatic,,
OR-2-103158,Salvelinus namaycush,Lake Trout,NAS tracked species,,,Animalia,Actinopterygii,Salmonidae,http://nas.er.usgs.gov/queries/factsheet.aspx?SpeciesID=942,http://nas.er.usgs.gov/queries/factsheet.aspx?SpeciesID=942,,AA,FALSE,http://upload.wikimedia.org/wikipedia/commons/d/d0/Fisher_holding_Lake_trout.jpg,a) Aquatic,,
OR-2-156281,Salvia aethiopis,Mediterranean Sage,,,ODA List B,Plantae,Dicotyledoneae,Lamiaceae,,http://cms.oregon.gov/ODA/PLANT/WEEDS/Pages/profile_medsage.aspx,,PT,TRUE,,a) Herbaceous,b) Terrestrial,
OR-2-160135,Salvia pratensis,Meadow Sage,,,,Plantae,Dicotyledoneae,Lamiaceae,,http://newyork.plantatlas.usf.edu/Results.aspx?q=Salvia+pratensis,,PT,FALSE,http://upload.wikimedia.org/wikipedia/commons/a/a4/Salvia_pratensis_2.JPG,,,
OR-2-159111,Salvia sclarea,Clary Sage,,,,Plantae,Dicotyledoneae,Lamiaceae,,http://newyork.plantatlas.usf.edu/Results.aspx?q=Salvia+sclarea,,PT,FALSE,http://upload.wikimedia.org/wikipedia/commons/d/d0/Salvia_sclarea_001.JPG,,,
OR-2-860110,Salvia virgata,Wand Sage,,,,,,,,http://newyork.plantatlas.usf.edu/Results.aspx?q=Salvia+virgata+,,PT,FALSE,,a) Herbaceous,b) Terrestrial,
OR-2-101703,Sander vitreus,Walleye,NAS tracked species,,,Animalia,Actinopterygii,Percidae,http://nas.er.usgs.gov/queries/factsheet.aspx?SpeciesID=831,http://nas.er.usgs.gov/queries/factsheet.aspx?SpeciesID=831,,AA,FALSE,http://upload.wikimedia.org/wikipedia/commons/9/96/Sander_vitreus.jpg,a) Aquatic,,
OR-2-153728,Saponaria officinalis,Bouncing-bet,,,,Plantae,Dicotyledoneae,Caryophyllaceae,,http://newyork.plantatlas.usf.edu/Results.aspx?q=Saponaria+officinalis,,PT,FALSE,,a) Herbaceous,b) Terrestrial,
OR-2-131334,Sasa palmata,Broadleaf-bamboo,,,,Plantae,Monocotyledoneae,Poaceae,,http://www.westerninvasivesnetwork.org/pdfs/factsheets/Bamboo%20Fact%20Sheet_WIN.pdf,,PT,FALSE,http://upload.wikimedia.org/wikipedia/commons/d/d4/Sasa-palmata-winter.JPG,b) Shrub,,
OR-2-141150,Schoenoplectus mucronatus,Bog Bulrush,,,,Plantae,Monocotyledoneae,Cyperaceae,,http://newyork.plantatlas.usf.edu/Results.aspx?q=Schoenoplectus+mucronatus,,PT,FALSE,,a) Herbaceous,,
OR-2-136811,Scolymus hispanicus,Golden Thistle,,,,Plantae,Dicotyledoneae,Asteraceae,,http://newyork.plantatlas.usf.edu/Results.aspx?q=Scolymus+hispanicus,,PT,FALSE,,a) Herbaceous,,
OR-2-159061,Senecio jacobaea,Tansy Ragwort,,,ODA List B,Plantae,Dicotyledoneae,Asteraceae,,http://cms.oregon.gov/oda/plant/weeds/Pages/profile_tansyragwort.aspx,,PT,TRUE,,a) Herbaceous,,
OR-2-143221,Silybum marianum,Blessed Milkthistle,,,ODA List B,Plantae,Dicotyledoneae,Asteraceae,,http://cms.oregon.gov/oda/plant/weeds/Pages/profile_milkthistle.aspx,,PT,TRUE,,a) Herbaceous,,
OR-2-859100,Sirex noctilio,European Woodwasp,,,OISC 100 Worst Invaders,Animalia,Insecta,Siricidae,,http://www.issg.org/database/species/ecology.asp?si=1211&fr=1&sts=sss&lang=EN,,I,FALSE,,b) Terrestrial,,
OR-2-860114,Solanum cardiophyllum,Heart-leaf Horse-nettle,,,,,,,,http://newyork.plantatlas.usf.edu/Results.aspx?q=Solanum+cardiophyllum+,,PT,FALSE,,a) Herbaceous,b) Terrestrial,
OR-2-142130,Solanum dimidiatum,Western Horse-nettle,,,,Plantae,Dicotyledoneae,Solanaceae,,http://newyork.plantatlas.usf.edu/Results.aspx?q=Solanum+dimidiatum,,PT,FALSE,,a) Herbaceous,,
OR-2-144589,Solanum dulcamara,Climbing Nightshade,,,,Plantae,Dicotyledoneae,Solanaceae,,http://newyork.plantatlas.usf.edu/Results.aspx?q=Solanum+dulcamara,,PT,FALSE,http://upload.wikimedia.org/wikipedia/commons/7/7b/Solanum_dulcamara_4499.jpg,a) Herbaceous,b) Terrestrial,
OR-2-138058,Solanum elaeagnifolium,Silverleaf Nightshade,,,ODA List A,Plantae,Dicotyledoneae,Solanaceae,,http://cms.oregon.gov/oda/plant/weeds/Pages/profile_silvernightshade.aspx,,PT,TRUE,,a) Herbaceous,b) Terrestrial,
OR-2-128244,Solanum rostratum,Buffalobur,,,ODA List B,Plantae,Dicotyledoneae,Solanaceae,,http://cms.oregon.gov/ODA/plant/weeds/Pages/profile_buffalobur.aspx,,PT,TRUE,,,,
OR-2-859134,Solenopsis invicta,Imported Red Fire Ants,,,OISC 100 Worst Invaders,Animalia,Insecta,Formicidae,,http://www.issg.org/database/species/ecology.asp?si=77,,I,FALSE,,b) Terrestrial,,
OR-2-859109,Solenopsis richteri,Imported Black Fire Ants,,,OISC 100 Worst Invaders,Animalia,Insecta,Formicidae,,http://www.issg.org/database/species/ecology.asp?si=784&fr=1&sts=sss&lang=EN,,I,FALSE,,b) Terrestrial,,
OR-2-148668,Sonchus arvensis,Field Sowthistle,,,,Plantae,Dicotyledoneae,Asteraceae,,http://newyork.plantatlas.usf.edu/Results.aspx?q=Sonchus+arvensis,,PT,FALSE,,a) Herbaceous,b) Terrestrial,
OR-2-141037,Sonchus arvensis ssp. arvensis,Field Sowthistle (ssp. arvensis),,,,Plantae,Dicotyledoneae,Asteraceae,,http://newyork.plantatlas.usf.edu/Results.aspx?q=Sonchus+arvensis+ssp.+arvensis,,PT,FALSE,,a) Herbaceous,b) Terrestrial,
OR-2-149094,Sonchus arvensis ssp. uliginosus,Field Sowthistle (ssp. uliginosus),,,,Plantae,Dicotyledoneae,Asteraceae,,http://newyork.plantatlas.usf.edu/Results.aspx?q=Sonchus+arvensis+ssp.+uliginosus,,PT,FALSE,,a) Herbaceous,b) Terrestrial,
OR-2-138624,Sorghum halepense,Johnsongrass,,,ODA List B,Plantae,Monocotyledoneae,Poaceae,,http://cms.oregon.gov/oda/plant/weeds/Pages/profile_johnsongrass.aspx,,PT,TRUE,,a) Herbaceous,b) Terrestrial,
OR-2-150874,Spartina alterniflora,Saltwater Cordgrass,,,ODA List A,Plantae,Monocotyledoneae,Poaceae,,http://cms.oregon.gov/ODA/plant/weeds/Pages/profile_smoothcordgrass.aspx,,PT,TRUE,http://upload.wikimedia.org/wikipedia/commons/7/7d/Spartina_alterniflora.jpg,,,
OR-2-155190,Spartina anglica,Common Cordgrass,,,ODA List A,Plantae,Monocotyledoneae,Poaceae,,http://cms.oregon.gov/oda/plant/weeds/Pages/profile_commoncordgrass.aspx,,PT,TRUE,http://upload.wikimedia.org/wikipedia/commons/c/cd/Spartina_anglica.jpg,a) Herbaceous,,
OR-2-149526,Spartina densiflora,Humboldt Cordgrass,,,ODA List A,Plantae,Monocotyledoneae,Poaceae,,http://cms.oregon.gov/ODA/PLANT/WEEDS/pages/profile_denseflowcordgrass.aspx,,PT,TRUE,,a) Herbaceous,,
OR-2-155497,Spartina patens,Saltmeadow Cordgrass,,,ODA List A,Plantae,Dicotyledoneae,Poaceae,,http://cms.oregon.gov/oda/plant/weeds/Pages/profile_saltmeadowcordgrass.aspx,,PT,TRUE,,a) Herbaceous,,
OR-2-140267,Spartium junceum,Spanish Broom,,,ODA List B,Plantae,Dicotyledoneae,Fabaceae,,http://cms.oregon.gov/oda/plant/weeds/Pages/profile_spanishbroom.aspx,,PT,TRUE,http://upload.wikimedia.org/wikipedia/commons/9/97/Spartium_junceum_%28habitus%29.jpg,b) Shrub,b) Terrestrial,
OR-2-129365,Sphaerophysa salsula,Austrian peaweed,,,ODA List B,Plantae,Dicotyledoneae,Fabaceae,,http://cms.oregon.gov/oda/plant/weeds/Pages/profile_austrianpeaweed.aspx,,PT,TRUE,,a) Herbaceous,b) Terrestrial,
OR-2-119240,Stephanella hina,Japanese Moss Animal,NAS tracked species,,,Animalia,Phylactolaemata,Plumatellidae,http://nas.er.usgs.gov/queries/factsheet.aspx?SpeciesID=2334,http://nas.er.usgs.gov/queries/factsheet.aspx?SpeciesID=2334,,AA,FALSE,,a) Aquatic,,
OR-2-150772,Striga asiatica,Asiatic Witchweed,,,,Plantae,Dicotyledoneae,Scrophulariaceae,,http://newyork.plantatlas.usf.edu/Results.aspx?q=Striga+asiatica,,PT,FALSE,,,,
OR-2-105520,Sus scrofa,Feral Swine,,,,Animalia,Mammalia,Suidae,,http://cms.oregon.gov/oisc/docs/pdf/feralswine_ra.pdf,,AT,FALSE,,,,
OR-2-127982,Taeniatherum caput-medusae,Medusa-head,,,ODA List B,Plantae,Monocotyledoneae,Poaceae,,http://newyork.plantatlas.usf.edu/Results.aspx?q=Taeniatherum+caput-medusae,,PT,TRUE,,a) Herbaceous,b) Terrestrial,
OR-2-131031,Tagetes minuta,Wild Marigold,,,,Plantae,Dicotyledoneae,Asteraceae,,http://newyork.plantatlas.usf.edu/Results.aspx?q=Tagetes+minuta,,PT,FALSE,,a) Herbaceous,b) Terrestrial,
OR-2-133641,Tamarix ramosissima,Salt-cedar,,,ODA List B,Plantae,Dicotyledoneae,Tamaricaceae,,http://cms.oregon.gov/oda/plant/weeds/Pages/profile_saltcedar.aspx,,PT,TRUE,,c) Tree,b) Terrestrial,
OR-2-141030,Tanacetum vulgare,Common Tansy,,,,Plantae,Dicotyledoneae,Asteraceae,http://plants.usda.gov/java/profile?symbol=TAVU,http://newyork.plantatlas.usf.edu/Results.aspx?q=Tanacetum+vulgare,,PT,FALSE,http://www.invasive.org/images/384x256/1196246.jpg,a) Herbaceous,b) Terrestrial,
OR-2-859115,Tetropium castaneum,Black Spruce Beetle,,,OISC 100 Worst Invaders,Animalia,Insecta,Cerambycidae,,http://www.inspection.gc.ca/english/plaveg/pestrava/tetcas/tech/tetcase.shtml,,I,FALSE,,b) Terrestrial,,
OR-2-859121,Tetropium fuscum,Brown Spruce Longhorn Beetle,,,OISC 100 Worst Invaders,Animalia,Insecta,Cerambycidae,,http://www.issg.org/database/species/ecology.asp?si=1391&fr=1&sts=&lang=ENpx?q=Tetropium+fuscum,,I,FALSE,,b) Terrestrial,,
OR-2-116285,Theba pisana,White Gardensnail,,,,Animalia,Gastropoda,Helicidae,,http://cms.oregon.gov/oisc/pages/calendar_april09.aspx,,AT,FALSE,http://upload.wikimedia.org/wikipedia/commons/7/7d/Theba_pisana_0115.JPG,,,
OR-2-105890,Thymallus arcticus,Arctic Grayling,NAS tracked species,,,Animalia,Actinopteryii,Salmonidae,http://nas.er.usgs.gov/queries/factsheet.aspx?SpeciesID=943,http://nas.er.usgs.gov/queries/factsheet.aspx?SpeciesID=943,,AA,FALSE,http://upload.wikimedia.org/wikipedia/commons/7/75/Thymallus_arcticus_1904.jpg,a) Aquatic,,
OR-2-152808,Thymelaea passerina,Spurge Flax,,,,Plantae,Dicotyledoneae,Thymelaeaceae,,http://newyork.plantatlas.usf.edu/Results.aspx?q=Thymelaea+passerina,,PT,FALSE,,a) Herbaceous,b) Terrestrial,
OR-2-102613,Tinca tinca,Tench,NAS tracked species,,,Animalia,Actinopterygii,Cyprinidae,http://nas.er.usgs.gov/queries/FactSheet.aspx?SpeciesID=652,http://newyork.plantatlas.usf.edu/Results.aspx?q=Tinca+tinca,,AA,FALSE,http://nas.er.usgs.gov/XIMAGESERVERX/2005/20051103145240.jpg,,,
OR-2-816163,Tomicus piniperda,Eurasian Pine Shoot Beetle,,,,Animalia,Insecta,Curculionidae,http://www.na.fs.fed.us/spfo/pubs/pest_al/shootbeetle/shootbeetle.htm,http://newyork.plantatlas.usf.edu/Results.aspx?q=Tomicus+piniperda,,I,FALSE,http://www.barkbeetles.org/browse/subject.cfm?SUB=980,,,
OR-2-103497,Trachemys scripta elegans,Red-eared Slider Turtle,,,ODFW Prohibited,Animalia,Reptilia,Emydidae,,,,AA,TRUE,,a) Aquatic,,
OR-2-149241,Trapa natans,Water Chestnut,,,ODA List A,Plantae,Dicotyledoneae,Trapaceae,http://plants.usda.gov/java/profile?symbol=TRNA,http://newyork.plantatlas.usf.edu/Results.aspx?q=Trapa+natans,,PA,TRUE,http://www.invasive.org/images/384x256/5274095.jpg,,,
OR-2-154809,Tribulus terrestris,Puncturevine,,,ODA List B,Plantae,Dicotyledoneae,Zygophyllaceae,,http://newyork.plantatlas.usf.edu/Results.aspx?q=Tribulus+terrestris,,PT,TRUE,,a) Herbaceous,,
OR-2-859124,Trogoderma granarium,Khapra Beetle,,,OISC 100 Worst Invaders,Animalia,Insecta,Dermestidae,,http://www.issg.org/database/species/ecology.asp?si=142&fr=1&sts=sss&lang=EN,http://entnemdept.ufl.edu/creatures/urban/beetles/khapra_beetle.htm,I,FALSE,,b) Terrestrial,,
OR-2-147257,Tussilago farfara,Coltsfoot ,,,ODA List A,Plantae,Dicotyledoneae,Asteraceae,,http://newyork.plantatlas.usf.edu/Results.aspx?q=Tussilago+farfara,,PT,TRUE,,a) Herbaceous,b) Terrestrial,
OR-2-160663,Typha angustifolia,Narrowleaf Cattail,NAS tracked species,,,Plantae,Monocotyledoneae,Typhaceae,http://plants.usda.gov/java/profile?symbol=TYLA,http://newyork.plantatlas.usf.edu/Results.aspx?q=Typha+angustifolia,,PT,FALSE,http://www.invasive.org/browse/detail.cfm?imgnum=5247093,a) Herbaceous,,
OR-2-146475,Ulex europaeus,Gorse,,,ODA List B,Plantae,Dicotyledoneae,Fabaceae,,http://newyork.plantatlas.usf.edu/Results.aspx?q=Ulex+europaeus,,PT,TRUE,,b) Shrub,,
OR-2-134144,Ventenata dubia,Ventenata,,,,Plantae,Monocotyledoneae,Poaceae,,http://newyork.plantatlas.usf.edu/Results.aspx?q=Ventenata+dubia,,PT,FALSE,,a) Herbaceous,b) Terrestrial,
OR-2-155675,Verbascum thapsus,Common Mullein,,,,Plantae,Dicotyledoneae,Scrophulariaceae,,http://newyork.plantatlas.usf.edu/Results.aspx?q=Verbascum+thapsus,,PT,FALSE,,a) Herbaceous,b) Terrestrial,
OR-2-132431,Verbena bonariensis,Purpletop Vervain,,,,Plantae,Dicotyledoneae,Verbenaceae,,http://newyork.plantatlas.usf.edu/Results.aspx?q=Verbena+bonariensis,,PT,FALSE,,a) Herbaceous,b) Terrestrial,
OR-2-159753,Vinca major,Largeleaf Periwinkle,,,,Plantae,Dicotyledoneae,Apocynaceae,,http://newyork.plantatlas.usf.edu/Results.aspx?q=Vinca+major,,PT,TRUE,,d) Vine,b) Terrestrial,
OR-2-148703,Vinca minor,Lesser Periwinkle,,,,Plantae,Dicotyledoneae,Apocynaceae,,http://newyork.plantatlas.usf.edu/Results.aspx?q=Vinca+minor,,PT,TRUE,,d) Vine,b) Terrestrial,
OR-2-149641,Xanthium spinosum,Spiny Cocklebur,,,ODA List B,Plantae,Dicotyledoneae,Asteraceae,,http://newyork.plantatlas.usf.edu/Results.aspx?q=Xanthium+spinosum,,PT,TRUE,,a) Herbaceous,b) Terrestrial,
OR-2-785405,Xerolenta obvia,Eastern Heath Snail,,,,Animalia,Gastropoda,Hygromiidae,,http://newyork.plantatlas.usf.edu/Results.aspx?q=Xerolenta+obvia,,AT,FALSE,,b) Terrestrial,,
OR-2-859130,Xylosandrus crassiusculus,Granulate Ambrosia Beetle,,,OISC 100 Worst Invaders,Animalia,Insecta,Curculionidae,,http://www.oregon.gov/ODA/PLANT/docs/pdf/ippm_xcrass_alert.pdf?ga=t,,I,FALSE,,b) Terrestrial,,
OR-2-159683,Zostera japonica,Dwarf Eel-grass,,,,Plantae,Monocotyledoneae,Zosteraceae,,http://newyork.plantatlas.usf.edu/Results.aspx?q=Zostera+japonica,,PA,FALSE,,a) Herbaceous,a) Aquatic,
OR-2-134538,Zygophyllum fabago,Syrian Bean-caper,,,ODA List A,Plantae,Dicotyledoneae,Zygophyllaceae,,http://newyork.plantatlas.usf.edu/Results.aspx?q=Zygophyllum+fabago,,PT,TRUE,,a) Herbaceous,b) Terrestrial,
